Longitude,Latitude,SVD1_SST,SVD1_TCF
2.5000,-87.5000,0.00000,-0.00000
2.5000,-82.5000,0.00000,-0.00000
2.5000,-77.5000,0.00000,-0.00000
2.5000,-72.5000,0.00000,-0.00000
2.5000,-67.5000,0.11070,-0.00000
2.5000,-62.5000,0.09320,-0.00000
2.5000,-57.5000,0.15900,-0.00000
2.5000,-52.5000,0.32906,-0.00000
2.5000,-47.5000,0.47115,-0.00000
2.5000,-42.5000,0.58166,-0.00000
2.5000,-37.5000,0.62119,-0.00000
2.5000,-32.5000,0.45721,-0.00000
2.5000,-27.5000,0.45330,-0.00000
2.5000,-22.5000,0.44399,-0.00009
2.5000,-17.5000,0.45714,-0.01249
2.5000,-12.5000,0.51866,-0.02889
2.5000,-7.5000,0.55705,-0.02115
2.5000,-2.5000,0.55115,-0.00512
2.5000,2.5000,0.53480,-0.00047
2.5000,7.5000,0.00000,-0.00000
2.5000,12.5000,0.00000,-0.00000
2.5000,17.5000,0.00000,-0.00000
2.5000,22.5000,0.00000,-0.00000
2.5000,27.5000,0.00000,-0.00000
2.5000,32.5000,0.00000,0.00125
2.5000,37.5000,0.48455,0.00249
2.5000,42.5000,0.00000,0.00125
2.5000,47.5000,0.00000,-0.00000
2.5000,52.5000,0.54129,-0.00000
2.5000,57.5000,0.50097,-0.00000
2.5000,62.5000,0.40318,-0.00000
2.5000,67.5000,0.51811,-0.00000
2.5000,72.5000,0.77027,-0.00000
2.5000,77.5000,0.57643,-0.00000
2.5000,82.5000,0.23054,-0.00000
2.5000,87.5000,0.10697,-0.00000
7.5000,-87.5000,0.00000,-0.00000
7.5000,-82.5000,0.00000,-0.00000
7.5000,-77.5000,0.00000,-0.00000
7.5000,-72.5000,0.00000,-0.00000
7.5000,-67.5000,0.11317,-0.00000
7.5000,-62.5000,0.10492,-0.00000
7.5000,-57.5000,0.15027,-0.00000
7.5000,-52.5000,0.27926,-0.00000
7.5000,-47.5000,0.43859,-0.00000
7.5000,-42.5000,0.56297,-0.00000
7.5000,-37.5000,0.64738,-0.00000
7.5000,-32.5000,0.52342,-0.00000
7.5000,-27.5000,0.44494,-0.00002
7.5000,-22.5000,0.42535,-0.00270
7.5000,-17.5000,0.48467,-0.01841
7.5000,-12.5000,0.53859,-0.03115
7.5000,-7.5000,0.55668,-0.01799
7.5000,-2.5000,0.54321,-0.00281
7.5000,2.5000,0.53814,-0.00023
7.5000,7.5000,0.00000,-0.00000
7.5000,12.5000,0.00000,-0.00000
7.5000,17.5000,0.00000,-0.00000
7.5000,22.5000,0.00000,-0.00000
7.5000,27.5000,0.00000,-0.00000
7.5000,32.5000,0.00000,0.00436
7.5000,37.5000,0.50000,0.00914
7.5000,42.5000,0.49875,0.00519
7.5000,47.5000,0.00000,0.00042
7.5000,52.5000,0.00000,-0.00000
7.5000,57.5000,0.56669,-0.00000
7.5000,62.5000,0.00000,-0.00000
7.5000,67.5000,0.48697,-0.00000
7.5000,72.5000,0.53457,-0.00000
7.5000,77.5000,0.55492,-0.00000
7.5000,82.5000,0.34259,-0.00000
7.5000,87.5000,0.14034,-0.00000
12.5000,-87.5000,0.00000,-0.00000
12.5000,-82.5000,0.00000,-0.00000
12.5000,-77.5000,0.00000,-0.00000
12.5000,-72.5000,0.00000,-0.00000
12.5000,-67.5000,0.11560,-0.00000
12.5000,-62.5000,0.11084,-0.00000
12.5000,-57.5000,0.16844,-0.00000
12.5000,-52.5000,0.27650,-0.00000
12.5000,-47.5000,0.45829,-0.00000
12.5000,-42.5000,0.54790,-0.00000
12.5000,-37.5000,0.58101,-0.00000
12.5000,-32.5000,0.46966,-0.00000
12.5000,-27.5000,0.39498,-0.00004
12.5000,-22.5000,0.42731,-0.00384
12.5000,-17.5000,0.00000,-0.01397
12.5000,-12.5000,0.55214,-0.01707
12.5000,-7.5000,0.56338,-0.00739
12.5000,-2.5000,0.00000,-0.00049
12.5000,2.5000,0.00000,-0.00000
12.5000,7.5000,0.00000,-0.00000
12.5000,12.5000,0.00000,-0.00000
12.5000,17.5000,0.00000,-0.00000
12.5000,22.5000,0.00000,-0.00000
12.5000,27.5000,0.00000,-0.00007
12.5000,32.5000,0.00000,0.00792
12.5000,37.5000,0.00000,0.01732
12.5000,42.5000,0.00000,0.01057
12.5000,47.5000,0.00000,0.00125
12.5000,52.5000,0.00000,-0.00000
12.5000,57.5000,0.00000,-0.00000
12.5000,62.5000,0.00000,-0.00000
12.5000,67.5000,0.53590,-0.00000
12.5000,72.5000,0.47144,-0.00000
12.5000,77.5000,0.58720,-0.00000
12.5000,82.5000,0.55896,-0.00000
12.5000,87.5000,0.19947,-0.00000
17.5000,-87.5000,0.00000,-0.00000
17.5000,-82.5000,0.00000,-0.00000
17.5000,-77.5000,0.00000,-0.00000
17.5000,-72.5000,0.00000,-0.00000
17.5000,-67.5000,0.11740,-0.00000
17.5000,-62.5000,0.12181,-0.00000
17.5000,-57.5000,0.20609,-0.00000
17.5000,-52.5000,0.29407,-0.00000
17.5000,-47.5000,0.44289,-0.00000
17.5000,-42.5000,0.51775,-0.00000
17.5000,-37.5000,0.50635,-0.00000
17.5000,-32.5000,0.35920,-0.00000
17.5000,-27.5000,0.00000,-0.00002
17.5000,-22.5000,0.00000,-0.00156
17.5000,-17.5000,0.00000,-0.00439
17.5000,-12.5000,0.00000,-0.00445
17.5000,-7.5000,0.00000,-0.00184
17.5000,-2.5000,0.00000,-0.00025
17.5000,2.5000,0.00000,-0.00000
17.5000,7.5000,0.00000,-0.00000
17.5000,12.5000,0.00000,-0.00000
17.5000,17.5000,0.00000,-0.00000
17.5000,22.5000,0.00000,-0.00000
17.5000,27.5000,0.00000,-0.00015
17.5000,32.5000,0.53026,0.00775
17.5000,37.5000,0.58800,0.01718
17.5000,42.5000,0.72836,0.01053
17.5000,47.5000,0.00000,0.00125
17.5000,52.5000,0.00000,-0.00000
17.5000,57.5000,0.72799,-0.00000
17.5000,62.5000,0.00000,-0.00000
17.5000,67.5000,0.00000,-0.00000
17.5000,72.5000,0.60163,-0.00000
17.5000,77.5000,0.00000,-0.00000
17.5000,82.5000,0.63648,-0.00000
17.5000,87.5000,0.26924,-0.00000
22.5000,-87.5000,0.00000,-0.00000
22.5000,-82.5000,0.00000,-0.00000
22.5000,-77.5000,0.00000,-0.00000
22.5000,-72.5000,0.00000,-0.00000
22.5000,-67.5000,0.12674,-0.00000
22.5000,-62.5000,0.13616,-0.00000
22.5000,-57.5000,0.24643,-0.00000
22.5000,-52.5000,0.31394,-0.00000
22.5000,-47.5000,0.43296,-0.00000
22.5000,-42.5000,0.56735,-0.00000
22.5000,-37.5000,0.44085,-0.00000
22.5000,-32.5000,0.00000,-0.00000
22.5000,-27.5000,0.00000,-0.00000
22.5000,-22.5000,0.00000,-0.00000
22.5000,-17.5000,0.00000,-0.00000
22.5000,-12.5000,0.00000,-0.00000
22.5000,-7.5000,0.00000,-0.00000
22.5000,-2.5000,0.00000,-0.00000
22.5000,2.5000,0.00000,-0.00000
22.5000,7.5000,0.00000,-0.00000
22.5000,12.5000,0.00000,-0.00000
22.5000,17.5000,0.00000,-0.00000
22.5000,22.5000,0.00000,-0.00000
22.5000,27.5000,0.00000,-0.00007
22.5000,32.5000,0.00000,0.00294
22.5000,37.5000,0.00000,0.00651
22.5000,42.5000,0.00000,0.00392
22.5000,47.5000,0.00000,0.00042
22.5000,52.5000,0.00000,-0.00000
22.5000,57.5000,0.69655,-0.00000
22.5000,62.5000,0.00000,-0.00000
22.5000,67.5000,0.00000,-0.00000
22.5000,72.5000,0.67077,-0.00000
22.5000,77.5000,0.00000,-0.00000
22.5000,82.5000,0.68735,-0.00000
22.5000,87.5000,0.30991,-0.00000
27.5000,-87.5000,0.00000,-0.00000
27.5000,-82.5000,0.00000,-0.00000
27.5000,-77.5000,0.00000,-0.00000
27.5000,-72.5000,0.00000,-0.00000
27.5000,-67.5000,0.13457,-0.00000
27.5000,-62.5000,0.14779,-0.00000
27.5000,-57.5000,0.31260,-0.00000
27.5000,-52.5000,0.34695,-0.00000
27.5000,-47.5000,0.47234,-0.00000
27.5000,-42.5000,0.55492,-0.00126
27.5000,-37.5000,0.40892,-0.00117
27.5000,-32.5000,0.00000,0.00322
27.5000,-27.5000,0.00000,-0.00336
27.5000,-22.5000,0.00000,-0.01584
27.5000,-17.5000,0.00000,-0.01043
27.5000,-12.5000,0.00000,-0.00108
27.5000,-7.5000,0.00000,-0.00000
27.5000,-2.5000,0.00000,-0.00000
27.5000,2.5000,0.00000,-0.00000
27.5000,7.5000,0.00000,-0.00000
27.5000,12.5000,0.00000,-0.00000
27.5000,17.5000,0.00000,-0.00000
27.5000,22.5000,0.00000,-0.00000
27.5000,27.5000,0.00000,-0.00000
27.5000,32.5000,0.52375,-0.00000
27.5000,37.5000,0.00000,-0.00000
27.5000,42.5000,0.62011,-0.00000
27.5000,47.5000,0.00000,-0.00000
27.5000,52.5000,0.00000,-0.00000
27.5000,57.5000,0.00000,-0.00000
27.5000,62.5000,0.00000,-0.00000
27.5000,67.5000,0.00000,-0.00000
27.5000,72.5000,0.73586,-0.00000
27.5000,77.5000,0.86328,-0.00000
27.5000,82.5000,0.67627,-0.00000
27.5000,87.5000,0.28981,-0.00000
32.5000,-87.5000,0.00000,-0.00000
32.5000,-82.5000,0.00000,-0.00000
32.5000,-77.5000,0.00000,-0.00000
32.5000,-72.5000,0.00000,-0.00000
32.5000,-67.5000,0.13459,-0.00000
32.5000,-62.5000,0.16309,-0.00000
32.5000,-57.5000,0.32048,-0.00000
32.5000,-52.5000,0.35549,-0.00000
32.5000,-47.5000,0.53063,0.00014
32.5000,-42.5000,0.55507,-0.00244
32.5000,-37.5000,0.26760,-0.00005
32.5000,-32.5000,0.40718,-0.00205
32.5000,-27.5000,0.00000,-0.05047
32.5000,-22.5000,0.00000,-0.09151
32.5000,-17.5000,0.00000,-0.06320
32.5000,-12.5000,0.00000,-0.02454
32.5000,-7.5000,0.00000,-0.00594
32.5000,-2.5000,0.00000,0.00103
32.5000,2.5000,0.00000,-0.00000
32.5000,7.5000,0.00000,-0.00000
32.5000,12.5000,0.00000,-0.00000
32.5000,17.5000,0.00000,-0.00000
32.5000,22.5000,0.00000,-0.00000
32.5000,27.5000,0.00000,-0.00000
32.5000,32.5000,0.56003,-0.00000
32.5000,37.5000,0.00000,-0.00000
32.5000,42.5000,0.60708,-0.00000
32.5000,47.5000,0.00000,-0.00000
32.5000,52.5000,0.00000,-0.00000
32.5000,57.5000,0.00000,-0.00000
32.5000,62.5000,0.00000,-0.00000
32.5000,67.5000,0.00000,-0.00000
32.5000,72.5000,0.71157,-0.00000
32.5000,77.5000,0.77008,-0.00000
32.5000,82.5000,0.54822,-0.00000
32.5000,87.5000,0.26785,-0.00000
37.5000,-87.5000,0.00000,-0.00000
37.5000,-82.5000,0.00000,-0.00000
37.5000,-77.5000,0.00000,-0.00000
37.5000,-72.5000,0.00000,-0.00000
37.5000,-67.5000,0.14325,-0.00000
37.5000,-62.5000,0.18806,-0.00000
37.5000,-57.5000,0.31822,-0.00000
37.5000,-52.5000,0.36286,-0.00000
37.5000,-47.5000,0.53974,-0.00053
37.5000,-42.5000,0.65948,-0.00725
37.5000,-37.5000,0.29909,-0.00831
37.5000,-32.5000,0.43972,-0.02726
37.5000,-27.5000,0.51618,-0.14360
37.5000,-22.5000,0.51717,-0.30863
37.5000,-17.5000,0.50729,-0.37298
37.5000,-12.5000,0.00000,-0.25401
37.5000,-7.5000,0.00000,-0.07311
37.5000,-2.5000,0.00000,-0.01020
37.5000,2.5000,0.00000,-0.00883
37.5000,7.5000,0.00000,0.00030
37.5000,12.5000,0.00000,0.00060
37.5000,17.5000,0.00000,0.00030
37.5000,22.5000,0.52356,-0.00000
37.5000,27.5000,0.00000,-0.00000
37.5000,32.5000,0.00000,-0.00000
37.5000,37.5000,0.00000,-0.00000
37.5000,42.5000,0.56163,-0.00000
37.5000,47.5000,0.00000,-0.00000
37.5000,52.5000,0.00000,-0.00000
37.5000,57.5000,0.00000,-0.00000
37.5000,62.5000,0.00000,-0.00000
37.5000,67.5000,0.00000,-0.00000
37.5000,72.5000,0.70203,-0.00000
37.5000,77.5000,0.68134,-0.00000
37.5000,82.5000,0.46175,-0.00000
37.5000,87.5000,0.27266,-0.00000
42.5000,-87.5000,0.00000,-0.00000
42.5000,-82.5000,0.00000,-0.00000
42.5000,-77.5000,0.00000,-0.00000
42.5000,-72.5000,0.00000,-0.00000
42.5000,-67.5000,0.13550,-0.00000
42.5000,-62.5000,0.21350,-0.00000
42.5000,-57.5000,0.32708,-0.00012
42.5000,-52.5000,0.38041,-0.00052
42.5000,-47.5000,0.50557,-0.00310
42.5000,-42.5000,0.68048,-0.01333
42.5000,-37.5000,0.30851,-0.01117
42.5000,-32.5000,0.45527,-0.00929
42.5000,-27.5000,0.54016,-0.15830
42.5000,-22.5000,0.55388,-0.50469
42.5000,-17.5000,0.52243,-0.78662
42.5000,-12.5000,0.48106,-0.64197
42.5000,-7.5000,0.46518,-0.22467
42.5000,-2.5000,0.49822,-0.02966
42.5000,2.5000,0.00000,-0.01692
42.5000,7.5000,0.00000,-0.01055
42.5000,12.5000,0.00000,-0.01956
42.5000,17.5000,0.00000,-0.01071
42.5000,22.5000,0.00000,-0.00028
42.5000,27.5000,0.00000,-0.00000
42.5000,32.5000,0.00000,-0.00000
42.5000,37.5000,0.00000,-0.00000
42.5000,42.5000,0.00000,-0.00000
42.5000,47.5000,0.00000,-0.00000
42.5000,52.5000,0.00000,-0.00000
42.5000,57.5000,0.00000,-0.00000
42.5000,62.5000,0.00000,-0.00000
42.5000,67.5000,0.57856,-0.00000
42.5000,72.5000,0.67715,-0.00000
42.5000,77.5000,0.67210,-0.00000
42.5000,82.5000,0.42965,-0.00000
42.5000,87.5000,0.24229,-0.00000
47.5000,-87.5000,0.00000,-0.00000
47.5000,-82.5000,0.00000,-0.00000
47.5000,-77.5000,0.00000,-0.00000
47.5000,-72.5000,0.00000,-0.00000
47.5000,-67.5000,0.00000,-0.00000
47.5000,-62.5000,0.20187,-0.00000
47.5000,-57.5000,0.35227,-0.00035
47.5000,-52.5000,0.39945,-0.00156
47.5000,-47.5000,0.50606,-0.00639
47.5000,-42.5000,0.46080,-0.01051
47.5000,-37.5000,0.27297,0.00386
47.5000,-32.5000,0.46481,0.03644
47.5000,-27.5000,0.55374,-0.08492
47.5000,-22.5000,0.00000,-0.48576
47.5000,-17.5000,0.00000,-1.02492
47.5000,-12.5000,0.46455,-1.09245
47.5000,-7.5000,0.46794,-0.50266
47.5000,-2.5000,0.51300,-0.09115
47.5000,2.5000,0.52396,-0.06365
47.5000,7.5000,0.00000,-0.10439
47.5000,12.5000,0.56384,-0.10701
47.5000,17.5000,0.00000,-0.03634
47.5000,22.5000,0.00000,-0.00113
47.5000,27.5000,0.00000,-0.00145
47.5000,32.5000,0.00000,-0.00000
47.5000,37.5000,0.00000,-0.00000
47.5000,42.5000,0.00000,-0.00000
47.5000,47.5000,0.00000,-0.00000
47.5000,52.5000,0.00000,-0.00000
47.5000,57.5000,0.00000,-0.00000
47.5000,62.5000,0.00000,-0.00000
47.5000,67.5000,0.59203,-0.00000
47.5000,72.5000,0.64372,-0.00000
47.5000,77.5000,0.63967,-0.00000
47.5000,82.5000,0.38952,-0.00000
47.5000,87.5000,0.20908,-0.00000
52.5000,-87.5000,0.00000,-0.00000
52.5000,-82.5000,0.00000,-0.00000
52.5000,-77.5000,0.00000,-0.00000
52.5000,-72.5000,0.00000,-0.00000
52.5000,-67.5000,0.00000,-0.00000
52.5000,-62.5000,0.20064,0.00008
52.5000,-57.5000,0.36272,-0.00011
52.5000,-52.5000,0.39192,-0.00148
52.5000,-47.5000,0.48176,-0.00855
52.5000,-42.5000,0.41590,-0.01497
52.5000,-37.5000,0.28300,-0.01917
52.5000,-32.5000,0.47603,-0.00333
52.5000,-27.5000,0.57716,-0.09505
52.5000,-22.5000,0.46207,-0.49384
52.5000,-17.5000,0.47109,-1.28571
52.5000,-12.5000,0.46984,-1.62555
52.5000,-7.5000,0.49251,-0.90313
52.5000,-2.5000,0.52308,-0.23665
52.5000,2.5000,0.55074,-0.14802
52.5000,7.5000,0.55795,-0.22599
52.5000,12.5000,0.54990,-0.17272
52.5000,17.5000,0.00000,-0.01649
52.5000,22.5000,0.00000,0.00499
52.5000,27.5000,0.00000,-0.00924
52.5000,32.5000,0.00000,-0.00000
52.5000,37.5000,0.00000,-0.00000
52.5000,42.5000,0.00000,-0.00000
52.5000,47.5000,0.00000,-0.00000
52.5000,52.5000,0.00000,-0.00000
52.5000,57.5000,0.00000,-0.00000
52.5000,62.5000,0.00000,-0.00000
52.5000,67.5000,0.00000,-0.00000
52.5000,72.5000,0.00000,-0.00000
52.5000,77.5000,0.59196,-0.00000
52.5000,82.5000,0.34463,-0.00000
52.5000,87.5000,0.18406,-0.00000
57.5000,-87.5000,0.00000,-0.00000
57.5000,-82.5000,0.00000,-0.00000
57.5000,-77.5000,0.00000,-0.00000
57.5000,-72.5000,0.00000,-0.00000
57.5000,-67.5000,0.00000,-0.00000
57.5000,-62.5000,0.21064,0.00009
57.5000,-57.5000,0.36662,0.00001
57.5000,-52.5000,0.38983,-0.00196
57.5000,-47.5000,0.45811,-0.00980
57.5000,-42.5000,0.43312,-0.02814
57.5000,-37.5000,0.30136,-0.05952
57.5000,-32.5000,0.47468,-0.07753
57.5000,-27.5000,0.54615,-0.17947
57.5000,-22.5000,0.44133,-0.56424
57.5000,-17.5000,0.46956,-1.37345
57.5000,-12.5000,0.47672,-1.86626
57.5000,-7.5000,0.50928,-1.24840
57.5000,-2.5000,0.53183,-0.38953
57.5000,2.5000,0.56256,-0.14692
57.5000,7.5000,0.57663,-0.24469
57.5000,12.5000,0.55580,-0.16548
57.5000,17.5000,0.54775,0.00845
57.5000,22.5000,0.00000,0.00001
57.5000,27.5000,0.00000,-0.01942
57.5000,32.5000,0.00000,-0.00019
57.5000,37.5000,0.00000,-0.00000
57.5000,42.5000,0.00000,-0.00000
57.5000,47.5000,0.00000,-0.00000
57.5000,52.5000,0.00000,-0.00000
57.5000,57.5000,0.00000,-0.00000
57.5000,62.5000,0.00000,-0.00000
57.5000,67.5000,0.00000,-0.00000
57.5000,72.5000,0.58019,-0.00000
57.5000,77.5000,0.55394,-0.00000
57.5000,82.5000,0.32173,-0.00000
57.5000,87.5000,0.16864,-0.00000
62.5000,-87.5000,0.00000,-0.00000
62.5000,-82.5000,0.00000,-0.00000
62.5000,-77.5000,0.00000,-0.00000
62.5000,-72.5000,0.00000,-0.00000
62.5000,-67.5000,0.00000,-0.00000
62.5000,-62.5000,0.19680,-0.00005
62.5000,-57.5000,0.36673,-0.00097
62.5000,-52.5000,0.39925,-0.00427
62.5000,-47.5000,0.45674,-0.00836
62.5000,-42.5000,0.42549,-0.01900
62.5000,-37.5000,0.30046,-0.04010
62.5000,-32.5000,0.47191,-0.09976
62.5000,-27.5000,0.51933,-0.22356
62.5000,-22.5000,0.44075,-0.50667
62.5000,-17.5000,0.46440,-1.15964
62.5000,-12.5000,0.47575,-1.70802
62.5000,-7.5000,0.51659,-1.33259
62.5000,-2.5000,0.53314,-0.48578
62.5000,2.5000,0.56058,-0.17788
62.5000,7.5000,0.56721,-0.26619
62.5000,12.5000,0.56747,-0.16201
62.5000,17.5000,0.55077,-0.03045
62.5000,22.5000,0.52514,-0.04134
62.5000,27.5000,0.00000,-0.02668
62.5000,32.5000,0.00000,-0.00042
62.5000,37.5000,0.00000,-0.00000
62.5000,42.5000,0.00000,-0.00000
62.5000,47.5000,0.00000,-0.00000
62.5000,52.5000,0.00000,-0.00000
62.5000,57.5000,0.00000,-0.00000
62.5000,62.5000,0.00000,-0.00000
62.5000,67.5000,0.00000,-0.00000
62.5000,72.5000,0.50543,-0.00000
62.5000,77.5000,0.50696,-0.00000
62.5000,82.5000,0.30997,-0.00000
62.5000,87.5000,0.16224,-0.00000
67.5000,-87.5000,0.00000,-0.00000
67.5000,-82.5000,0.00000,-0.00000
67.5000,-77.5000,0.00000,-0.00000
67.5000,-72.5000,0.00000,-0.00000
67.5000,-67.5000,0.07269,-0.00000
67.5000,-62.5000,0.19131,-0.00006
67.5000,-57.5000,0.37219,-0.00213
67.5000,-52.5000,0.41796,-0.00388
67.5000,-47.5000,0.45207,-0.00099
67.5000,-42.5000,0.43932,0.00931
67.5000,-37.5000,0.30265,0.01266
67.5000,-32.5000,0.46833,-0.08384
67.5000,-27.5000,0.49744,-0.22670
67.5000,-22.5000,0.44773,-0.41864
67.5000,-17.5000,0.45109,-0.93690
67.5000,-12.5000,0.47173,-1.48786
67.5000,-7.5000,0.52001,-1.28260
67.5000,-2.5000,0.53080,-0.56358
67.5000,2.5000,0.54814,-0.33204
67.5000,7.5000,0.55067,-0.40122
67.5000,12.5000,0.55078,-0.20682
67.5000,17.5000,0.54754,-0.05904
67.5000,22.5000,0.52934,-0.06164
67.5000,27.5000,0.00000,-0.02835
67.5000,32.5000,0.00000,-0.00002
67.5000,37.5000,0.00000,-0.00000
67.5000,42.5000,0.00000,-0.00000
67.5000,47.5000,0.00000,-0.00000
67.5000,52.5000,0.00000,-0.00000
67.5000,57.5000,0.00000,-0.00000
67.5000,62.5000,0.00000,-0.00000
67.5000,67.5000,0.00000,-0.00000
67.5000,72.5000,0.40775,-0.00000
67.5000,77.5000,0.47594,-0.00000
67.5000,82.5000,0.31252,-0.00000
67.5000,87.5000,0.16343,-0.00000
72.5000,-87.5000,0.00000,-0.00000
72.5000,-82.5000,0.00000,-0.00000
72.5000,-77.5000,0.00000,-0.00000
72.5000,-72.5000,0.00000,-0.00000
72.5000,-67.5000,0.07402,-0.00000
72.5000,-62.5000,0.13867,-0.00031
72.5000,-57.5000,0.32807,-0.00237
72.5000,-52.5000,0.39786,-0.00025
72.5000,-47.5000,0.45653,0.00878
72.5000,-42.5000,0.42336,0.02309
72.5000,-37.5000,0.32455,0.02494
72.5000,-32.5000,0.46281,-0.04961
72.5000,-27.5000,0.48793,-0.17967
72.5000,-22.5000,0.44263,-0.36664
72.5000,-17.5000,0.43499,-0.80052
72.5000,-12.5000,0.46647,-1.39627
72.5000,-7.5000,0.51938,-1.33220
72.5000,-2.5000,0.52350,-0.62194
72.5000,2.5000,0.53499,-0.44450
72.5000,7.5000,0.53236,-0.58371
72.5000,12.5000,0.51900,-0.32659
72.5000,17.5000,0.52085,-0.06977
72.5000,22.5000,0.00000,-0.03058
72.5000,27.5000,0.00000,-0.01685
72.5000,32.5000,0.00000,0.00046
72.5000,37.5000,0.00000,-0.00000
72.5000,42.5000,0.00000,-0.00000
72.5000,47.5000,0.00000,-0.00000
72.5000,52.5000,0.00000,-0.00000
72.5000,57.5000,0.00000,-0.00000
72.5000,62.5000,0.00000,-0.00000
72.5000,67.5000,0.43618,-0.00000
72.5000,72.5000,0.00000,-0.00000
72.5000,77.5000,0.44811,-0.00000
72.5000,82.5000,0.31728,-0.00000
72.5000,87.5000,0.18111,-0.00000
77.5000,-87.5000,0.00000,-0.00000
77.5000,-82.5000,0.00000,-0.00000
77.5000,-77.5000,0.00000,-0.00000
77.5000,-72.5000,0.00000,-0.00000
77.5000,-67.5000,0.08453,-0.00000
77.5000,-62.5000,0.08633,-0.00005
77.5000,-57.5000,0.22050,0.00087
77.5000,-52.5000,0.33083,0.00449
77.5000,-47.5000,0.52355,0.01460
77.5000,-42.5000,0.48161,0.01865
77.5000,-37.5000,0.38359,0.00384
77.5000,-32.5000,0.49798,-0.02999
77.5000,-27.5000,0.47385,-0.12245
77.5000,-22.5000,0.43032,-0.33592
77.5000,-17.5000,0.41435,-0.77709
77.5000,-12.5000,0.46284,-1.39751
77.5000,-7.5000,0.51604,-1.37055
77.5000,-2.5000,0.51883,-0.61937
77.5000,2.5000,0.52310,-0.44975
77.5000,7.5000,0.52732,-0.63274
77.5000,12.5000,0.00000,-0.29517
77.5000,17.5000,0.00000,0.02899
77.5000,22.5000,0.00000,0.02930
77.5000,27.5000,0.00000,-0.00272
77.5000,32.5000,0.00000,0.00025
77.5000,37.5000,0.00000,-0.00000
77.5000,42.5000,0.00000,-0.00000
77.5000,47.5000,0.00000,-0.00000
77.5000,52.5000,0.00000,-0.00000
77.5000,57.5000,0.00000,-0.00000
77.5000,62.5000,0.00000,-0.00000
77.5000,67.5000,0.00000,-0.00000
77.5000,72.5000,0.00000,-0.00000
77.5000,77.5000,0.42266,-0.00000
77.5000,82.5000,0.33671,-0.00000
77.5000,87.5000,0.23653,-0.00000
82.5000,-87.5000,0.00000,-0.00000
82.5000,-82.5000,0.00000,-0.00000
82.5000,-77.5000,0.00000,-0.00000
82.5000,-72.5000,0.00000,0.00044
82.5000,-67.5000,0.00000,-0.00023
82.5000,-62.5000,0.10328,-0.00008
82.5000,-57.5000,0.16997,0.00486
82.5000,-52.5000,0.33015,0.00783
82.5000,-47.5000,0.59461,0.01394
82.5000,-42.5000,0.47766,0.01443
82.5000,-37.5000,0.37421,-0.00484
82.5000,-32.5000,0.55845,-0.03398
82.5000,-27.5000,0.44534,-0.10615
82.5000,-22.5000,0.42630,-0.30438
82.5000,-17.5000,0.40848,-0.75367
82.5000,-12.5000,0.45758,-1.33502
82.5000,-7.5000,0.50650,-1.27609
82.5000,-2.5000,0.51480,-0.60540
82.5000,2.5000,0.51692,-0.51043
82.5000,7.5000,0.51374,-0.61364
82.5000,12.5000,0.49831,-0.10597
82.5000,17.5000,0.00000,0.22452
82.5000,22.5000,0.00000,0.09411
82.5000,27.5000,0.00000,0.00080
82.5000,32.5000,0.00000,-0.00000
82.5000,37.5000,0.00000,-0.00000
82.5000,42.5000,0.00000,-0.00000
82.5000,47.5000,0.00000,-0.00000
82.5000,52.5000,0.00000,-0.00000
82.5000,57.5000,0.00000,-0.00000
82.5000,62.5000,0.00000,-0.00000
82.5000,67.5000,0.00000,-0.00000
82.5000,72.5000,0.00000,-0.00000
82.5000,77.5000,0.40394,-0.00000
82.5000,82.5000,0.33543,-0.00000
82.5000,87.5000,0.25027,-0.00000
87.5000,-87.5000,0.00000,-0.00000
87.5000,-82.5000,0.00000,-0.00000
87.5000,-77.5000,0.00000,-0.00000
87.5000,-72.5000,0.00000,0.00132
87.5000,-67.5000,0.00000,0.00011
87.5000,-62.5000,0.12023,-0.00140
87.5000,-57.5000,0.16876,0.00314
87.5000,-52.5000,0.36048,0.00580
87.5000,-47.5000,0.53922,0.00792
87.5000,-42.5000,0.53298,0.00852
87.5000,-37.5000,0.40250,-0.00331
87.5000,-32.5000,0.55348,-0.02575
87.5000,-27.5000,0.40677,-0.07805
87.5000,-22.5000,0.41872,-0.21335
87.5000,-17.5000,0.41863,-0.58963
87.5000,-12.5000,0.45558,-1.10358
87.5000,-7.5000,0.49662,-1.03702
87.5000,-2.5000,0.50967,-0.52785
87.5000,2.5000,0.51224,-0.53642
87.5000,7.5000,0.50303,-0.58527
87.5000,12.5000,0.50581,-0.09752
87.5000,17.5000,0.49822,0.17765
87.5000,22.5000,0.00000,0.05752
87.5000,27.5000,0.00000,-0.00939
87.5000,32.5000,0.00000,-0.00000
87.5000,37.5000,0.00000,-0.00000
87.5000,42.5000,0.00000,-0.00000
87.5000,47.5000,0.00000,-0.00000
87.5000,52.5000,0.00000,-0.00000
87.5000,57.5000,0.00000,-0.00000
87.5000,62.5000,0.00000,-0.00000
87.5000,67.5000,0.00000,-0.00000
87.5000,72.5000,0.00000,-0.00000
87.5000,77.5000,0.39165,-0.00000
87.5000,82.5000,0.29932,-0.00000
87.5000,87.5000,0.19248,-0.00000
92.5000,-87.5000,0.00000,-0.00000
92.5000,-82.5000,0.00000,-0.00000
92.5000,-77.5000,0.00000,-0.00000
92.5000,-72.5000,0.00000,0.00132
92.5000,-67.5000,0.00000,0.00091
92.5000,-62.5000,0.15028,-0.00066
92.5000,-57.5000,0.18633,0.00083
92.5000,-52.5000,0.35118,0.00298
92.5000,-47.5000,0.53455,0.00259
92.5000,-42.5000,0.51143,-0.00061
92.5000,-37.5000,0.42135,-0.00330
92.5000,-32.5000,0.49601,-0.00147
92.5000,-27.5000,0.43251,-0.01262
92.5000,-22.5000,0.38041,-0.10853
92.5000,-17.5000,0.42109,-0.47605
92.5000,-12.5000,0.47022,-0.89301
92.5000,-7.5000,0.50195,-0.72777
92.5000,-2.5000,0.50346,-0.28283
92.5000,2.5000,0.50630,-0.25871
92.5000,7.5000,0.49933,-0.34149
92.5000,12.5000,0.51240,-0.16819
92.5000,17.5000,0.50671,-0.03201
92.5000,22.5000,0.00000,-0.03188
92.5000,27.5000,0.00000,-0.01788
92.5000,32.5000,0.00000,-0.00000
92.5000,37.5000,0.00000,-0.00000
92.5000,42.5000,0.00000,-0.00000
92.5000,47.5000,0.00000,-0.00000
92.5000,52.5000,0.00000,-0.00000
92.5000,57.5000,0.00000,-0.00000
92.5000,62.5000,0.00000,-0.00000
92.5000,67.5000,0.00000,-0.00000
92.5000,72.5000,0.00000,-0.00000
92.5000,77.5000,0.37816,-0.00000
92.5000,82.5000,0.22301,-0.00000
92.5000,87.5000,0.15504,-0.00000
97.5000,-87.5000,0.00000,-0.00000
97.5000,-82.5000,0.00000,-0.00000
97.5000,-77.5000,0.00000,-0.00000
97.5000,-72.5000,0.00000,0.00044
97.5000,-67.5000,0.00000,0.00101
97.5000,-62.5000,0.16131,0.00187
97.5000,-57.5000,0.20105,0.00193
97.5000,-52.5000,0.31325,0.00220
97.5000,-47.5000,0.49200,0.00104
97.5000,-42.5000,0.41533,-0.00317
97.5000,-37.5000,0.44005,-0.00267
97.5000,-32.5000,0.48321,0.01126
97.5000,-27.5000,0.42186,0.01654
97.5000,-22.5000,0.37345,-0.09590
97.5000,-17.5000,0.41919,-0.49361
97.5000,-12.5000,0.48039,-0.75891
97.5000,-7.5000,0.49820,-0.42831
97.5000,-2.5000,0.48826,-0.05300
97.5000,2.5000,0.00000,-0.02206
97.5000,7.5000,0.48281,-0.09684
97.5000,12.5000,0.48837,-0.11095
97.5000,17.5000,0.00000,-0.06531
97.5000,22.5000,0.00000,-0.02888
97.5000,27.5000,0.00000,-0.00860
97.5000,32.5000,0.00000,-0.00000
97.5000,37.5000,0.00000,-0.00000
97.5000,42.5000,0.00000,-0.00000
97.5000,47.5000,0.00000,-0.00000
97.5000,52.5000,0.00000,-0.00000
97.5000,57.5000,0.00000,-0.00000
97.5000,62.5000,0.00000,-0.00000
97.5000,67.5000,0.00000,-0.00000
97.5000,72.5000,0.00000,-0.00000
97.5000,77.5000,0.38191,-0.00000
97.5000,82.5000,0.22265,-0.00000
97.5000,87.5000,0.15697,-0.00000
102.5000,-87.5000,0.00000,-0.00000
102.5000,-82.5000,0.00000,-0.00000
102.5000,-77.5000,0.00000,-0.00000
102.5000,-72.5000,0.00000,-0.00000
102.5000,-67.5000,0.00000,0.00279
102.5000,-62.5000,0.17033,0.00546
102.5000,-57.5000,0.21999,0.00189
102.5000,-52.5000,0.27571,-0.00099
102.5000,-47.5000,0.43445,-0.00092
102.5000,-42.5000,0.36731,-0.00101
102.5000,-37.5000,0.45361,0.00110
102.5000,-32.5000,0.44968,0.00766
102.5000,-27.5000,0.35122,-0.01244
102.5000,-22.5000,0.38239,-0.19460
102.5000,-17.5000,0.44062,-0.55054
102.5000,-12.5000,0.48800,-0.60457
102.5000,-7.5000,0.48967,-0.23252
102.5000,-2.5000,0.00000,-0.00807
102.5000,2.5000,0.00000,-0.04119
102.5000,7.5000,0.49029,-0.09874
102.5000,12.5000,0.00000,-0.11125
102.5000,17.5000,0.00000,-0.06440
102.5000,22.5000,0.00000,-0.02099
102.5000,27.5000,0.00000,-0.00482
102.5000,32.5000,0.00000,-0.00000
102.5000,37.5000,0.00000,-0.00000
102.5000,42.5000,0.00000,-0.00000
102.5000,47.5000,0.00000,-0.00000
102.5000,52.5000,0.00000,-0.00000
102.5000,57.5000,0.00000,-0.00000
102.5000,62.5000,0.00000,-0.00000
102.5000,67.5000,0.00000,-0.00000
102.5000,72.5000,0.00000,-0.00000
102.5000,77.5000,0.00000,-0.00000
102.5000,82.5000,0.22092,-0.00000
102.5000,87.5000,0.15097,-0.00000
107.5000,-87.5000,0.00000,-0.00000
107.5000,-82.5000,0.00000,-0.00000
107.5000,-77.5000,0.00000,-0.00000
107.5000,-72.5000,0.00000,-0.00000
107.5000,-67.5000,0.00000,0.00303
107.5000,-62.5000,0.18243,0.00370
107.5000,-57.5000,0.27224,-0.00253
107.5000,-52.5000,0.30207,-0.00379
107.5000,-47.5000,0.41966,0.00002
107.5000,-42.5000,0.35958,0.00274
107.5000,-37.5000,0.45019,0.00487
107.5000,-32.5000,0.40635,-0.00892
107.5000,-27.5000,0.36915,-0.08698
107.5000,-22.5000,0.39374,-0.33026
107.5000,-17.5000,0.45101,-0.62490
107.5000,-12.5000,0.48798,-0.57210
107.5000,-7.5000,0.00000,-0.22742
107.5000,-2.5000,0.00000,-0.04562
107.5000,2.5000,0.48646,-0.11442
107.5000,7.5000,0.46811,-0.36196
107.5000,12.5000,0.00000,-0.52723
107.5000,17.5000,0.49174,-0.34512
107.5000,22.5000,0.00000,-0.10517
107.5000,27.5000,0.00000,-0.01884
107.5000,32.5000,0.00000,0.00102
107.5000,37.5000,0.00000,0.00044
107.5000,42.5000,0.00000,-0.00000
107.5000,47.5000,0.00000,-0.00000
107.5000,52.5000,0.00000,-0.00000
107.5000,57.5000,0.00000,-0.00000
107.5000,62.5000,0.00000,-0.00000
107.5000,67.5000,0.00000,-0.00000
107.5000,72.5000,0.00000,-0.00000
107.5000,77.5000,0.31393,-0.00000
107.5000,82.5000,0.19476,-0.00000
107.5000,87.5000,0.13341,-0.00000
112.5000,-87.5000,0.00000,-0.00000
112.5000,-82.5000,0.00000,-0.00000
112.5000,-77.5000,0.00000,-0.00000
112.5000,-72.5000,0.00000,-0.00000
112.5000,-67.5000,0.00000,-0.00121
112.5000,-62.5000,0.19485,-0.00549
112.5000,-57.5000,0.32228,-0.00804
112.5000,-52.5000,0.32330,-0.00230
112.5000,-47.5000,0.39682,0.00514
112.5000,-42.5000,0.36318,0.00608
112.5000,-37.5000,0.40459,0.00293
112.5000,-32.5000,0.38534,-0.02494
112.5000,-27.5000,0.37262,-0.14888
112.5000,-22.5000,0.39885,-0.41279
112.5000,-17.5000,0.46255,-0.66048
112.5000,-12.5000,0.49684,-0.59482
112.5000,-7.5000,0.00000,-0.26813
112.5000,-2.5000,0.00000,-0.05971
112.5000,2.5000,0.00000,-0.13924
112.5000,7.5000,0.47116,-0.63941
112.5000,12.5000,0.46059,-1.05516
112.5000,17.5000,0.47548,-0.70852
112.5000,22.5000,0.00000,-0.19390
112.5000,27.5000,0.00000,-0.01327
112.5000,32.5000,0.00000,0.01479
112.5000,37.5000,0.00000,0.00412
112.5000,42.5000,0.00000,0.00115
112.5000,47.5000,0.00000,-0.00000
112.5000,52.5000,0.00000,-0.00000
112.5000,57.5000,0.00000,-0.00000
112.5000,62.5000,0.00000,-0.00000
112.5000,67.5000,0.00000,-0.00000
112.5000,72.5000,0.00000,-0.00000
112.5000,77.5000,0.28800,-0.00000
112.5000,82.5000,0.16567,-0.00000
112.5000,87.5000,0.11497,-0.00000
117.5000,-87.5000,0.00000,-0.00000
117.5000,-82.5000,0.00000,-0.00000
117.5000,-77.5000,0.00000,-0.00000
117.5000,-72.5000,0.00000,-0.00000
117.5000,-67.5000,0.00000,-0.00250
117.5000,-62.5000,0.19968,-0.00742
117.5000,-57.5000,0.34932,-0.00758
117.5000,-52.5000,0.38921,0.00045
117.5000,-47.5000,0.40084,0.00733
117.5000,-42.5000,0.35266,0.00572
117.5000,-37.5000,0.38738,0.00186
117.5000,-32.5000,0.00000,-0.01497
117.5000,-27.5000,0.00000,-0.09561
117.5000,-22.5000,0.00000,-0.36078
117.5000,-17.5000,0.48934,-0.64851
117.5000,-12.5000,0.50255,-0.55755
117.5000,-7.5000,0.46916,-0.22646
117.5000,-2.5000,0.45803,-0.04605
117.5000,2.5000,0.00000,-0.11117
117.5000,7.5000,0.44580,-0.60271
117.5000,12.5000,0.45953,-1.11726
117.5000,17.5000,0.47567,-0.88518
117.5000,22.5000,0.50922,-0.32707
117.5000,27.5000,0.00000,-0.07092
117.5000,32.5000,0.00000,-0.02183
117.5000,37.5000,0.00000,-0.00322
117.5000,42.5000,0.00000,0.00784
117.5000,47.5000,0.00000,0.00169
117.5000,52.5000,0.00000,-0.00000
117.5000,57.5000,0.00000,-0.00000
117.5000,62.5000,0.00000,-0.00000
117.5000,67.5000,0.00000,-0.00000
117.5000,72.5000,0.00000,-0.00000
117.5000,77.5000,0.25999,-0.00000
117.5000,82.5000,0.14187,-0.00000
117.5000,87.5000,0.09140,-0.00000
122.5000,-87.5000,0.00000,-0.00000
122.5000,-82.5000,0.00000,-0.00000
122.5000,-77.5000,0.00000,-0.00000
122.5000,-72.5000,0.00000,-0.00000
122.5000,-67.5000,0.00000,-0.00053
122.5000,-62.5000,0.21182,-0.00282
122.5000,-57.5000,0.34972,-0.00228
122.5000,-52.5000,0.39540,0.00443
122.5000,-47.5000,0.38469,0.00706
122.5000,-42.5000,0.35722,0.00388
122.5000,-37.5000,0.39246,0.00603
122.5000,-32.5000,0.00000,0.00741
122.5000,-27.5000,0.00000,-0.02015
122.5000,-22.5000,0.00000,-0.19830
122.5000,-17.5000,0.00000,-0.44863
122.5000,-12.5000,0.50625,-0.41421
122.5000,-7.5000,0.46240,-0.16171
122.5000,-2.5000,0.45280,-0.02498
122.5000,2.5000,0.44965,-0.09617
122.5000,7.5000,0.42468,-0.47228
122.5000,12.5000,0.43457,-1.04121
122.5000,17.5000,0.48784,-1.05981
122.5000,22.5000,0.52989,-0.46505
122.5000,27.5000,0.56435,-0.14136
122.5000,32.5000,0.65204,-0.11149
122.5000,37.5000,0.66169,-0.02650
122.5000,42.5000,0.00000,0.01320
122.5000,47.5000,0.00000,0.00362
122.5000,52.5000,0.00000,-0.00000
122.5000,57.5000,0.00000,-0.00000
122.5000,62.5000,0.00000,-0.00000
122.5000,67.5000,0.00000,-0.00000
122.5000,72.5000,0.00000,-0.00000
122.5000,77.5000,0.24115,-0.00000
122.5000,82.5000,0.12091,-0.00000
122.5000,87.5000,0.07602,-0.00000
127.5000,-87.5000,0.00000,-0.00000
127.5000,-82.5000,0.00000,-0.00000
127.5000,-77.5000,0.00000,-0.00000
127.5000,-72.5000,0.00000,-0.00000
127.5000,-67.5000,0.00000,0.00012
127.5000,-62.5000,0.23444,-0.00077
127.5000,-57.5000,0.34797,0.00295
127.5000,-52.5000,0.37869,0.00958
127.5000,-47.5000,0.39635,0.00723
127.5000,-42.5000,0.35391,0.00359
127.5000,-37.5000,0.41055,0.00839
127.5000,-32.5000,0.38640,0.01295
127.5000,-27.5000,0.00000,-0.00228
127.5000,-22.5000,0.00000,-0.05859
127.5000,-17.5000,0.00000,-0.12270
127.5000,-12.5000,0.49398,-0.12279
127.5000,-7.5000,0.46298,-0.06300
127.5000,-2.5000,0.44825,-0.01363
127.5000,2.5000,0.44166,-0.08155
127.5000,7.5000,0.45291,-0.44373
127.5000,12.5000,0.45990,-1.16236
127.5000,17.5000,0.50097,-1.41396
127.5000,22.5000,0.53647,-0.70443
127.5000,27.5000,0.56916,-0.12421
127.5000,32.5000,0.66913,-0.07797
127.5000,37.5000,0.00000,-0.04165
127.5000,42.5000,0.00000,0.00713
127.5000,47.5000,0.00000,0.00509
127.5000,52.5000,0.00000,0.00034
127.5000,57.5000,0.00000,-0.00000
127.5000,62.5000,0.00000,-0.00000
127.5000,67.5000,0.00000,-0.00000
127.5000,72.5000,0.00000,-0.00000
127.5000,77.5000,0.22447,-0.00000
127.5000,82.5000,0.10093,-0.00000
127.5000,87.5000,0.05635,-0.00000
132.5000,-87.5000,0.00000,-0.00000
132.5000,-82.5000,0.00000,-0.00000
132.5000,-77.5000,0.00000,-0.00000
132.5000,-72.5000,0.00000,-0.00000
132.5000,-67.5000,0.00000,0.00012
132.5000,-62.5000,0.24445,0.00126
132.5000,-57.5000,0.33435,0.00700
132.5000,-52.5000,0.35918,0.01072
132.5000,-47.5000,0.38325,0.00668
132.5000,-42.5000,0.35215,0.00539
132.5000,-37.5000,0.38064,0.00708
132.5000,-32.5000,0.34484,0.00584
132.5000,-27.5000,0.00000,-0.00163
132.5000,-22.5000,0.00000,-0.00850
132.5000,-17.5000,0.00000,0.06092
132.5000,-12.5000,0.00000,0.13211
132.5000,-7.5000,0.44659,0.06893
132.5000,-2.5000,0.00000,-0.00670
132.5000,2.5000,0.44556,-0.06100
132.5000,7.5000,0.45499,-0.30472
132.5000,12.5000,0.45682,-0.94883
132.5000,17.5000,0.48464,-1.48255
132.5000,22.5000,0.52483,-1.04516
132.5000,27.5000,0.52089,-0.24935
132.5000,32.5000,0.59412,-0.03741
132.5000,37.5000,0.75412,-0.06060
132.5000,42.5000,0.89668,-0.01256
132.5000,47.5000,0.00000,0.00371
132.5000,52.5000,0.00000,0.00381
132.5000,57.5000,0.00000,0.00132
132.5000,62.5000,0.00000,-0.00000
132.5000,67.5000,0.00000,-0.00000
132.5000,72.5000,0.20574,-0.00000
132.5000,77.5000,0.20127,-0.00000
132.5000,82.5000,0.10464,-0.00000
132.5000,87.5000,0.04179,-0.00000
137.5000,-87.5000,0.00000,-0.00000
137.5000,-82.5000,0.00000,-0.00000
137.5000,-77.5000,0.00000,-0.00000
137.5000,-72.5000,0.00000,-0.00000
137.5000,-67.5000,0.00000,0.00020
137.5000,-62.5000,0.26068,0.00300
137.5000,-57.5000,0.33477,0.00762
137.5000,-52.5000,0.37149,0.00824
137.5000,-47.5000,0.32156,0.00647
137.5000,-42.5000,0.36064,0.00573
137.5000,-37.5000,0.35904,0.00355
137.5000,-32.5000,0.00000,0.00088
137.5000,-27.5000,0.00000,-0.00297
137.5000,-22.5000,0.00000,-0.00570
137.5000,-17.5000,0.00000,0.09318
137.5000,-12.5000,0.47500,0.20815
137.5000,-7.5000,0.41961,0.12891
137.5000,-2.5000,0.00000,-0.01121
137.5000,2.5000,0.45340,-0.08508
137.5000,7.5000,0.45112,-0.05083
137.5000,12.5000,0.45435,-0.30431
137.5000,17.5000,0.46700,-0.95098
137.5000,22.5000,0.50590,-0.98810
137.5000,27.5000,0.52318,-0.44069
137.5000,32.5000,0.55186,-0.14572
137.5000,37.5000,0.66099,-0.07223
137.5000,42.5000,0.69342,-0.01947
137.5000,47.5000,0.00000,0.00612
137.5000,52.5000,0.00000,0.00733
137.5000,57.5000,0.00000,0.00149
137.5000,62.5000,0.00000,0.00037
137.5000,67.5000,0.00000,-0.00000
137.5000,72.5000,0.19971,-0.00000
137.5000,77.5000,0.18387,-0.00000
137.5000,82.5000,0.08899,-0.00000
137.5000,87.5000,0.03324,-0.00000
142.5000,-87.5000,0.00000,-0.00000
142.5000,-82.5000,0.00000,-0.00000
142.5000,-77.5000,0.00000,-0.00000
142.5000,-72.5000,0.00000,-0.00000
142.5000,-67.5000,0.00000,0.00022
142.5000,-62.5000,0.28823,0.00177
142.5000,-57.5000,0.34607,0.00392
142.5000,-52.5000,0.35649,0.00586
142.5000,-47.5000,0.28857,0.00653
142.5000,-42.5000,0.32080,0.00365
142.5000,-37.5000,0.00000,0.00043
142.5000,-32.5000,0.00000,-0.00039
142.5000,-27.5000,0.00000,0.00217
142.5000,-22.5000,0.00000,-0.04612
142.5000,-17.5000,0.00000,-0.06632
142.5000,-12.5000,0.00000,0.02575
142.5000,-7.5000,0.00000,0.05400
142.5000,-2.5000,0.45612,-0.03727
142.5000,2.5000,0.47359,-0.08984
142.5000,7.5000,0.45566,0.12297
142.5000,12.5000,0.46272,0.10334
142.5000,17.5000,0.46294,-0.49536
142.5000,22.5000,0.48287,-0.77909
142.5000,27.5000,0.53183,-0.51897
142.5000,32.5000,0.51784,-0.23042
142.5000,37.5000,0.71616,-0.08190
142.5000,42.5000,0.00000,-0.02309
142.5000,47.5000,0.00000,0.01074
142.5000,52.5000,0.00000,0.00774
142.5000,57.5000,0.40728,-0.00108
142.5000,62.5000,0.00000,0.00006
142.5000,67.5000,0.00000,-0.00000
142.5000,72.5000,0.19201,-0.00000
142.5000,77.5000,0.15149,-0.00000
142.5000,82.5000,0.05439,-0.00000
142.5000,87.5000,0.02200,-0.00000
147.5000,-87.5000,0.00000,-0.00000
147.5000,-82.5000,0.00000,-0.00000
147.5000,-77.5000,0.00000,-0.00000
147.5000,-72.5000,0.00000,0.00002
147.5000,-67.5000,0.05974,0.00020
147.5000,-62.5000,0.23670,0.00154
147.5000,-57.5000,0.31013,0.00380
147.5000,-52.5000,0.30515,0.00529
147.5000,-47.5000,0.32567,0.00535
147.5000,-42.5000,0.00000,0.00633
147.5000,-37.5000,0.00000,0.00952
147.5000,-32.5000,0.00000,0.01626
147.5000,-27.5000,0.00000,0.01190
147.5000,-22.5000,0.00000,-0.14216
147.5000,-17.5000,0.43758,-0.40105
147.5000,-12.5000,0.43119,-0.37910
147.5000,-7.5000,0.00000,-0.12149
147.5000,-2.5000,0.46039,-0.03061
147.5000,2.5000,0.49084,0.03514
147.5000,7.5000,0.46436,0.28980
147.5000,12.5000,0.47352,0.24176
147.5000,17.5000,0.46547,-0.32684
147.5000,22.5000,0.48501,-0.65817
147.5000,27.5000,0.53961,-0.43208
147.5000,32.5000,0.52312,-0.18180
147.5000,37.5000,0.68571,-0.10017
147.5000,42.5000,0.72777,-0.04445
147.5000,47.5000,0.54489,-0.00019
147.5000,52.5000,0.50587,0.00680
147.5000,57.5000,0.45551,-0.00186
147.5000,62.5000,0.00000,-0.00127
147.5000,67.5000,0.00000,-0.00000
147.5000,72.5000,0.17884,-0.00000
147.5000,77.5000,0.11620,-0.00000
147.5000,82.5000,0.03469,-0.00000
147.5000,87.5000,0.01595,-0.00000
152.5000,-87.5000,0.00000,-0.00000
152.5000,-82.5000,0.00000,-0.00000
152.5000,-77.5000,0.00000,-0.00000
152.5000,-72.5000,0.00000,0.00005
152.5000,-67.5000,0.03808,0.00139
152.5000,-62.5000,0.07625,0.00482
152.5000,-57.5000,0.29430,0.00604
152.5000,-52.5000,0.29395,0.00302
152.5000,-47.5000,0.29613,0.00473
152.5000,-42.5000,0.55209,0.01502
152.5000,-37.5000,0.63992,0.02053
152.5000,-32.5000,0.00000,0.03436
152.5000,-27.5000,0.00000,0.00306
152.5000,-22.5000,0.47126,-0.24235
152.5000,-17.5000,0.44247,-0.63067
152.5000,-12.5000,0.43045,-0.66117
152.5000,-7.5000,0.42959,-0.27092
152.5000,-2.5000,0.48342,-0.01829
152.5000,2.5000,0.50598,0.14145
152.5000,7.5000,0.47288,0.39733
152.5000,12.5000,0.48902,0.30252
152.5000,17.5000,0.47084,-0.22819
152.5000,22.5000,0.49387,-0.45514
152.5000,27.5000,0.53662,-0.20496
152.5000,32.5000,0.53025,-0.07288
152.5000,37.5000,0.64392,-0.07185
152.5000,42.5000,0.68921,-0.03307
152.5000,47.5000,0.51879,-0.00445
152.5000,52.5000,0.49840,0.00764
152.5000,57.5000,0.47457,0.00040
152.5000,62.5000,0.00000,-0.00092
152.5000,67.5000,0.00000,-0.00000
152.5000,72.5000,0.17582,-0.00000
152.5000,77.5000,0.08336,-0.00000
152.5000,82.5000,0.02546,-0.00000
152.5000,87.5000,0.01248,-0.00000
157.5000,-87.5000,0.00000,-0.00000
157.5000,-82.5000,0.00000,-0.00000
157.5000,-77.5000,0.00000,-0.00000
157.5000,-72.5000,0.00000,0.00002
157.5000,-67.5000,0.02676,0.00263
157.5000,-62.5000,0.05889,0.00592
157.5000,-57.5000,0.31251,0.00330
157.5000,-52.5000,0.28331,-0.00364
157.5000,-47.5000,0.28186,-0.00245
157.5000,-42.5000,0.45230,0.00778
157.5000,-37.5000,0.51065,0.00240
157.5000,-32.5000,0.51023,0.00618
157.5000,-27.5000,0.51457,-0.05312
157.5000,-22.5000,0.49509,-0.32703
157.5000,-17.5000,0.43619,-0.63364
157.5000,-12.5000,0.42646,-0.59846
157.5000,-7.5000,0.44840,-0.26633
157.5000,-2.5000,0.51515,-0.03535
157.5000,2.5000,0.52648,0.11441
157.5000,7.5000,0.48712,0.35102
157.5000,12.5000,0.50678,0.27653
157.5000,17.5000,0.48353,-0.14685
157.5000,22.5000,0.49755,-0.23486
157.5000,27.5000,0.53332,-0.02786
157.5000,32.5000,0.52910,-0.00743
157.5000,37.5000,0.64491,-0.04667
157.5000,42.5000,0.69847,-0.01462
157.5000,47.5000,0.49285,0.01290
157.5000,52.5000,0.00000,0.01428
157.5000,57.5000,0.00000,0.00412
157.5000,62.5000,0.00000,0.00097
157.5000,67.5000,0.00000,-0.00000
157.5000,72.5000,0.16503,-0.00000
157.5000,77.5000,0.06173,-0.00000
157.5000,82.5000,0.02135,-0.00000
157.5000,87.5000,0.01127,-0.00000
162.5000,-87.5000,0.00000,-0.00000
162.5000,-82.5000,0.00000,-0.00000
162.5000,-77.5000,0.00000,-0.00000
162.5000,-72.5000,0.00000,-0.00024
162.5000,-67.5000,0.02872,0.00055
162.5000,-62.5000,0.09534,0.00127
162.5000,-57.5000,0.29351,-0.00168
162.5000,-52.5000,0.26504,-0.00905
162.5000,-47.5000,0.31343,-0.01648
162.5000,-42.5000,0.43491,-0.01827
162.5000,-37.5000,0.52252,-0.02457
162.5000,-32.5000,0.52125,-0.03586
162.5000,-27.5000,0.51395,-0.11499
162.5000,-22.5000,0.47856,-0.31261
162.5000,-17.5000,0.41994,-0.48025
162.5000,-12.5000,0.41680,-0.43979
162.5000,-7.5000,0.45215,-0.21411
162.5000,-2.5000,0.54597,-0.05821
162.5000,2.5000,0.55234,0.03223
162.5000,7.5000,0.50276,0.23868
162.5000,12.5000,0.52423,0.21707
162.5000,17.5000,0.49815,-0.01322
162.5000,22.5000,0.50154,0.01864
162.5000,27.5000,0.53584,0.09341
162.5000,32.5000,0.53033,-0.01311
162.5000,37.5000,0.64812,-0.07393
162.5000,42.5000,0.66397,-0.01458
162.5000,47.5000,0.48516,0.03033
162.5000,52.5000,0.46519,0.01647
162.5000,57.5000,0.00000,0.00577
162.5000,62.5000,0.00000,0.00353
162.5000,67.5000,0.00000,0.00043
162.5000,72.5000,0.16184,-0.00000
162.5000,77.5000,0.05198,-0.00000
162.5000,82.5000,0.02077,-0.00000
162.5000,87.5000,0.01152,-0.00000
167.5000,-87.5000,0.00000,-0.00000
167.5000,-82.5000,0.08292,-0.00000
167.5000,-77.5000,0.00000,-0.00000
167.5000,-72.5000,0.00000,-0.00049
167.5000,-67.5000,0.04008,-0.00186
167.5000,-62.5000,0.13083,-0.00353
167.5000,-57.5000,0.21745,-0.00515
167.5000,-52.5000,0.29475,-0.00910
167.5000,-47.5000,0.37293,-0.01908
167.5000,-42.5000,0.42904,-0.02767
167.5000,-37.5000,0.51028,-0.02719
167.5000,-32.5000,0.53590,-0.05366
167.5000,-27.5000,0.50495,-0.14927
167.5000,-22.5000,0.45624,-0.24210
167.5000,-17.5000,0.39861,-0.30709
167.5000,-12.5000,0.41077,-0.30788
167.5000,-7.5000,0.46380,-0.14976
167.5000,-2.5000,0.57602,-0.05263
167.5000,2.5000,0.57887,-0.02092
167.5000,7.5000,0.51733,0.20889
167.5000,12.5000,0.53909,0.26192
167.5000,17.5000,0.51274,0.07402
167.5000,22.5000,0.50940,0.10741
167.5000,27.5000,0.52571,0.11672
167.5000,32.5000,0.53088,-0.04258
167.5000,37.5000,0.63809,-0.08480
167.5000,42.5000,0.63014,-0.01200
167.5000,47.5000,0.48147,0.03093
167.5000,52.5000,0.40765,0.01750
167.5000,57.5000,0.50258,0.00711
167.5000,62.5000,0.00000,0.00476
167.5000,67.5000,0.00000,0.00089
167.5000,72.5000,0.15727,-0.00000
167.5000,77.5000,0.05032,-0.00000
167.5000,82.5000,0.02154,-0.00000
167.5000,87.5000,0.01247,-0.00000
172.5000,-87.5000,0.00000,-0.00000
172.5000,-82.5000,0.07416,-0.00000
172.5000,-77.5000,0.07522,-0.00000
172.5000,-72.5000,0.05736,-0.00024
172.5000,-67.5000,0.03914,-0.00058
172.5000,-62.5000,0.14349,-0.00204
172.5000,-57.5000,0.16509,-0.00397
172.5000,-52.5000,0.27755,-0.00609
172.5000,-47.5000,0.34997,-0.01145
172.5000,-42.5000,0.00000,-0.01624
172.5000,-37.5000,0.55656,-0.03439
172.5000,-32.5000,0.54689,-0.09849
172.5000,-27.5000,0.47815,-0.17375
172.5000,-22.5000,0.41747,-0.18420
172.5000,-17.5000,0.37933,-0.16091
172.5000,-12.5000,0.40913,-0.09591
172.5000,-7.5000,0.48156,0.01595
172.5000,-2.5000,0.59684,0.01853
172.5000,2.5000,0.59433,0.03712
172.5000,7.5000,0.53133,0.30405
172.5000,12.5000,0.55103,0.34264
172.5000,17.5000,0.52419,0.04547
172.5000,22.5000,0.52792,0.03165
172.5000,27.5000,0.53104,0.10425
172.5000,32.5000,0.53061,-0.00305
172.5000,37.5000,0.61644,-0.04978
172.5000,42.5000,0.60910,-0.01395
172.5000,47.5000,0.50467,0.02335
172.5000,52.5000,0.42440,0.02649
172.5000,57.5000,0.49817,0.01076
172.5000,62.5000,0.00000,0.00264
172.5000,67.5000,0.00000,0.00102
172.5000,72.5000,0.16147,-0.00000
172.5000,77.5000,0.05039,-0.00000
172.5000,82.5000,0.02287,-0.00000
172.5000,87.5000,0.01414,-0.00000
177.5000,-87.5000,0.00000,-0.00000
177.5000,-82.5000,0.06507,-0.00000
177.5000,-77.5000,0.06179,-0.00000
177.5000,-72.5000,0.03882,-0.00000
177.5000,-67.5000,0.03810,0.00071
177.5000,-62.5000,0.14093,0.00078
177.5000,-57.5000,0.21864,-0.00138
177.5000,-52.5000,0.26041,-0.00339
177.5000,-47.5000,0.36457,-0.00879
177.5000,-42.5000,0.47538,-0.01123
177.5000,-37.5000,0.53707,-0.04785
177.5000,-32.5000,0.50463,-0.14447
177.5000,-27.5000,0.46598,-0.17615
177.5000,-22.5000,0.39659,-0.10438
177.5000,-17.5000,0.00000,-0.04986
177.5000,-12.5000,0.41933,0.01222
177.5000,-7.5000,0.49842,0.07983
177.5000,-2.5000,0.61791,0.05437
177.5000,2.5000,0.61057,0.09320
177.5000,7.5000,0.53684,0.26849
177.5000,12.5000,0.55984,0.22165
177.5000,17.5000,0.53540,0.02921
177.5000,22.5000,0.53135,0.07774
177.5000,27.5000,0.53369,0.14498
177.5000,32.5000,0.52802,0.06552
177.5000,37.5000,0.61425,-0.00313
177.5000,42.5000,0.61082,-0.00515
177.5000,47.5000,0.51440,0.02275
177.5000,52.5000,0.45973,0.02941
177.5000,57.5000,0.53788,0.01297
177.5000,62.5000,0.00000,0.00084
177.5000,67.5000,0.00000,0.00030
177.5000,72.5000,0.19555,-0.00025
177.5000,77.5000,0.05930,-0.00000
177.5000,82.5000,0.02719,-0.00000
177.5000,87.5000,0.01623,-0.00000
182.5000,-87.5000,0.00000,-0.00000
182.5000,-82.5000,0.05849,-0.00000
182.5000,-77.5000,0.05146,-0.00000
182.5000,-72.5000,0.02770,-0.00000
182.5000,-67.5000,0.03356,-0.00041
182.5000,-62.5000,0.11754,-0.00123
182.5000,-57.5000,0.24141,-0.00286
182.5000,-52.5000,0.27267,-0.00316
182.5000,-47.5000,0.42734,-0.00941
182.5000,-42.5000,0.48658,-0.00867
182.5000,-37.5000,0.46241,-0.02405
182.5000,-32.5000,0.47234,-0.11460
182.5000,-27.5000,0.43351,-0.20134
182.5000,-22.5000,0.37583,-0.18790
182.5000,-17.5000,0.36431,-0.11929
182.5000,-12.5000,0.43832,-0.03057
182.5000,-7.5000,0.51585,0.03874
182.5000,-2.5000,0.63147,0.03550
182.5000,2.5000,0.61883,0.06072
182.5000,7.5000,0.53896,0.11904
182.5000,12.5000,0.56742,0.10834
182.5000,17.5000,0.54056,0.12820
182.5000,22.5000,0.53251,0.19608
182.5000,27.5000,0.54319,0.19678
182.5000,32.5000,0.51931,0.12143
182.5000,37.5000,0.58771,0.03157
182.5000,42.5000,0.58639,0.00274
182.5000,47.5000,0.51030,0.00965
182.5000,52.5000,0.48997,0.01022
182.5000,57.5000,0.59577,0.00986
182.5000,62.5000,0.56217,0.00316
182.5000,67.5000,0.00000,-0.00090
182.5000,72.5000,0.28260,-0.00050
182.5000,77.5000,0.07956,-0.00000
182.5000,82.5000,0.03484,-0.00000
182.5000,87.5000,0.01772,-0.00000
187.5000,-87.5000,0.00000,-0.00000
187.5000,-82.5000,0.05722,-0.00000
187.5000,-77.5000,0.05341,-0.00000
187.5000,-72.5000,0.04726,-0.00000
187.5000,-67.5000,0.03780,-0.00127
187.5000,-62.5000,0.08819,-0.00327
187.5000,-57.5000,0.25956,-0.00468
187.5000,-52.5000,0.30247,-0.00537
187.5000,-47.5000,0.47825,-0.00904
187.5000,-42.5000,0.40674,-0.00204
187.5000,-37.5000,0.42013,0.00565
187.5000,-32.5000,0.44854,-0.06049
187.5000,-27.5000,0.41134,-0.23393
187.5000,-22.5000,0.35230,-0.34402
187.5000,-17.5000,0.36549,-0.24430
187.5000,-12.5000,0.46038,-0.07744
187.5000,-7.5000,0.52598,0.01097
187.5000,-2.5000,0.64373,0.01957
187.5000,2.5000,0.62286,0.03308
187.5000,7.5000,0.53698,0.07035
187.5000,12.5000,0.57045,0.14678
187.5000,17.5000,0.54647,0.25225
187.5000,22.5000,0.53751,0.26737
187.5000,27.5000,0.54241,0.21997
187.5000,32.5000,0.51431,0.12821
187.5000,37.5000,0.53983,0.03308
187.5000,42.5000,0.55196,0.00783
187.5000,47.5000,0.49737,-0.00485
187.5000,52.5000,0.50710,-0.00959
187.5000,57.5000,0.63844,0.00564
187.5000,62.5000,0.52498,0.00560
187.5000,67.5000,0.41095,-0.00096
187.5000,72.5000,0.34757,-0.00025
187.5000,77.5000,0.10621,-0.00000
187.5000,82.5000,0.03675,-0.00000
187.5000,87.5000,0.01742,-0.00000
192.5000,-87.5000,0.00000,-0.00000
192.5000,-82.5000,0.05858,-0.00000
192.5000,-77.5000,0.05685,-0.00000
192.5000,-72.5000,0.05525,-0.00000
192.5000,-67.5000,0.04509,-0.00105
192.5000,-62.5000,0.09335,-0.00231
192.5000,-57.5000,0.25123,-0.00465
192.5000,-52.5000,0.32054,-0.00843
192.5000,-47.5000,0.47291,-0.01241
192.5000,-42.5000,0.39542,-0.00213
192.5000,-37.5000,0.40488,0.00666
192.5000,-32.5000,0.44556,-0.04159
192.5000,-27.5000,0.42661,-0.20523
192.5000,-22.5000,0.33688,-0.33865
192.5000,-17.5000,0.37090,-0.27258
192.5000,-12.5000,0.47062,-0.14764
192.5000,-7.5000,0.52958,-0.05418
192.5000,-2.5000,0.64865,-0.00454
192.5000,2.5000,0.62225,0.02537
192.5000,7.5000,0.53118,0.11809
192.5000,12.5000,0.57281,0.27214
192.5000,17.5000,0.55311,0.36565
192.5000,22.5000,0.53090,0.29649
192.5000,27.5000,0.53213,0.16804
192.5000,32.5000,0.50029,0.05876
192.5000,37.5000,0.51552,0.00488
192.5000,42.5000,0.52293,0.01013
192.5000,47.5000,0.48745,0.00470
192.5000,52.5000,0.51557,-0.00350
192.5000,57.5000,0.62209,0.00226
192.5000,62.5000,0.45574,0.00061
192.5000,67.5000,0.43869,-0.00176
192.5000,72.5000,0.38589,-0.00000
192.5000,77.5000,0.13456,-0.00000
192.5000,82.5000,0.03804,-0.00000
192.5000,87.5000,0.01418,-0.00000
197.5000,-87.5000,0.00000,-0.00000
197.5000,-82.5000,0.06098,-0.00000
197.5000,-77.5000,0.05690,-0.00000
197.5000,-72.5000,0.05792,0.00028
197.5000,-67.5000,0.04492,0.00034
197.5000,-62.5000,0.09416,0.00089
197.5000,-57.5000,0.22056,-0.00218
197.5000,-52.5000,0.32763,-0.01051
197.5000,-47.5000,0.48019,-0.01703
197.5000,-42.5000,0.41693,-0.00322
197.5000,-37.5000,0.40824,0.01011
197.5000,-32.5000,0.43694,-0.03129
197.5000,-27.5000,0.40877,-0.16258
197.5000,-22.5000,0.31849,-0.26898
197.5000,-17.5000,0.37444,-0.23860
197.5000,-12.5000,0.47055,-0.16541
197.5000,-7.5000,0.52770,-0.07997
197.5000,-2.5000,0.64916,-0.01400
197.5000,2.5000,0.61775,0.02067
197.5000,7.5000,0.52374,0.17639
197.5000,12.5000,0.56398,0.37676
197.5000,17.5000,0.56337,0.39558
197.5000,22.5000,0.52631,0.25657
197.5000,27.5000,0.51577,0.10080
197.5000,32.5000,0.48191,0.01463
197.5000,37.5000,0.48087,-0.01582
197.5000,42.5000,0.48990,-0.01242
197.5000,47.5000,0.48892,0.00753
197.5000,52.5000,0.50926,0.00822
197.5000,57.5000,0.61729,0.00104
197.5000,62.5000,0.00000,-0.00360
197.5000,67.5000,0.00000,-0.00236
197.5000,72.5000,0.38482,-0.00000
197.5000,77.5000,0.15272,-0.00000
197.5000,82.5000,0.04030,-0.00000
197.5000,87.5000,0.00858,-0.00000
202.5000,-87.5000,0.00000,-0.00000
202.5000,-82.5000,0.06657,-0.00000
202.5000,-77.5000,0.06600,-0.00000
202.5000,-72.5000,0.06211,0.00052
202.5000,-67.5000,0.05346,0.00116
202.5000,-62.5000,0.08590,0.00315
202.5000,-57.5000,0.15003,0.00258
202.5000,-52.5000,0.32556,-0.00701
202.5000,-47.5000,0.43376,-0.01751
202.5000,-42.5000,0.44091,-0.00724
202.5000,-37.5000,0.41446,0.01438
202.5000,-32.5000,0.46130,-0.01268
202.5000,-27.5000,0.39771,-0.10879
202.5000,-22.5000,0.28596,-0.17166
202.5000,-17.5000,0.37559,-0.14046
202.5000,-12.5000,0.46573,-0.08563
202.5000,-7.5000,0.52383,-0.03827
202.5000,-2.5000,0.64860,-0.00740
202.5000,2.5000,0.61606,0.02034
202.5000,7.5000,0.51072,0.11072
202.5000,12.5000,0.55655,0.19968
202.5000,17.5000,0.57466,0.21161
202.5000,22.5000,0.51883,0.15302
202.5000,27.5000,0.47758,0.05572
202.5000,32.5000,0.45652,0.00415
202.5000,37.5000,0.46198,-0.02066
202.5000,42.5000,0.46383,-0.03338
202.5000,47.5000,0.50687,-0.00974
202.5000,52.5000,0.51240,0.00961
202.5000,57.5000,0.00000,0.00867
202.5000,62.5000,0.00000,0.00091
202.5000,67.5000,0.00000,-0.00093
202.5000,72.5000,0.36305,-0.00000
202.5000,77.5000,0.17331,-0.00000
202.5000,82.5000,0.04007,-0.00000
202.5000,87.5000,0.01267,-0.00000
207.5000,-87.5000,0.00000,-0.00000
207.5000,-82.5000,0.00000,-0.00000
207.5000,-77.5000,0.00000,-0.00000
207.5000,-72.5000,0.07109,-0.00001
207.5000,-67.5000,0.06756,0.00058
207.5000,-62.5000,0.10434,0.00280
207.5000,-57.5000,0.11482,0.00366
207.5000,-52.5000,0.24413,-0.00053
207.5000,-47.5000,0.39609,-0.01556
207.5000,-42.5000,0.45425,-0.01632
207.5000,-37.5000,0.44524,0.00507
207.5000,-32.5000,0.48527,-0.00893
207.5000,-27.5000,0.36797,-0.04074
207.5000,-22.5000,0.28282,-0.03778
207.5000,-17.5000,0.38018,-0.01718
207.5000,-12.5000,0.46297,-0.00521
207.5000,-7.5000,0.51865,-0.00545
207.5000,-2.5000,0.64815,-0.00681
207.5000,2.5000,0.61644,0.02004
207.5000,7.5000,0.50388,-0.01362
207.5000,12.5000,0.55570,-0.08963
207.5000,17.5000,0.57822,-0.01595
207.5000,22.5000,0.52345,0.06123
207.5000,27.5000,0.46882,0.02207
207.5000,32.5000,0.43706,-0.00815
207.5000,37.5000,0.45691,-0.01875
207.5000,42.5000,0.46113,-0.02876
207.5000,47.5000,0.50925,-0.02277
207.5000,52.5000,0.51259,-0.00121
207.5000,57.5000,0.52822,0.00961
207.5000,62.5000,0.00000,0.00391
207.5000,67.5000,0.00000,-0.00000
207.5000,72.5000,0.37280,-0.00000
207.5000,77.5000,0.19044,-0.00000
207.5000,82.5000,0.08403,-0.00000
207.5000,87.5000,0.07184,-0.00000
212.5000,-87.5000,0.00000,-0.00000
212.5000,-82.5000,0.00000,-0.00000
212.5000,-77.5000,0.00000,-0.00000
212.5000,-72.5000,0.08179,-0.00044
212.5000,-67.5000,0.07759,0.00085
212.5000,-62.5000,0.17279,0.00232
212.5000,-57.5000,0.16455,0.00050
212.5000,-52.5000,0.17212,0.00383
212.5000,-47.5000,0.38940,-0.00441
212.5000,-42.5000,0.44661,-0.01949
212.5000,-37.5000,0.45136,-0.01855
212.5000,-32.5000,0.49506,-0.02031
212.5000,-27.5000,0.35221,-0.00625
212.5000,-22.5000,0.29607,0.02791
212.5000,-17.5000,0.38142,0.04771
212.5000,-12.5000,0.45262,0.03427
212.5000,-7.5000,0.51403,0.00352
212.5000,-2.5000,0.64470,-0.01072
212.5000,2.5000,0.61313,0.01051
212.5000,7.5000,0.50094,-0.02957
212.5000,12.5000,0.54622,-0.08030
212.5000,17.5000,0.58171,0.01200
212.5000,22.5000,0.54140,0.05668
212.5000,27.5000,0.47564,0.00487
212.5000,32.5000,0.43250,-0.01367
212.5000,37.5000,0.44138,-0.01544
212.5000,42.5000,0.46995,-0.01871
212.5000,47.5000,0.50055,-0.02154
212.5000,52.5000,0.50718,-0.01200
212.5000,57.5000,0.51657,-0.00136
212.5000,62.5000,0.00000,0.00046
212.5000,67.5000,0.00000,-0.00000
212.5000,72.5000,0.39492,-0.00000
212.5000,77.5000,0.19512,-0.00000
212.5000,82.5000,0.14822,-0.00000
212.5000,87.5000,0.13444,-0.00000
217.5000,-87.5000,0.00000,-0.00000
217.5000,-82.5000,0.00000,-0.00000
217.5000,-77.5000,0.00000,-0.00000
217.5000,-72.5000,0.08418,-0.00044
217.5000,-67.5000,0.09704,-0.00004
217.5000,-62.5000,0.23204,0.00067
217.5000,-57.5000,0.12527,0.00164
217.5000,-52.5000,0.22565,0.00947
217.5000,-47.5000,0.45099,0.01025
217.5000,-42.5000,0.43747,-0.01604
217.5000,-37.5000,0.44320,-0.04224
217.5000,-32.5000,0.49436,-0.03047
217.5000,-27.5000,0.35714,-0.00722
217.5000,-22.5000,0.31201,0.00778
217.5000,-17.5000,0.38437,0.02174
217.5000,-12.5000,0.44124,0.00848
217.5000,-7.5000,0.51287,-0.00964
217.5000,-2.5000,0.64229,-0.01072
217.5000,2.5000,0.60536,-0.00525
217.5000,7.5000,0.50136,-0.00370
217.5000,12.5000,0.53689,0.01512
217.5000,17.5000,0.57992,0.05980
217.5000,22.5000,0.55934,0.05172
217.5000,27.5000,0.46443,0.01063
217.5000,32.5000,0.43056,-0.00591
217.5000,37.5000,0.43789,-0.01190
217.5000,42.5000,0.47377,-0.01340
217.5000,47.5000,0.49215,-0.01309
217.5000,52.5000,0.52300,-0.01088
217.5000,57.5000,0.51446,-0.00692
217.5000,62.5000,0.00000,-0.00237
217.5000,67.5000,0.00000,-0.00000
217.5000,72.5000,0.40115,-0.00000
217.5000,77.5000,0.20073,-0.00000
217.5000,82.5000,0.16831,-0.00000
217.5000,87.5000,0.15399,-0.00000
222.5000,-87.5000,0.00000,-0.00000
222.5000,-82.5000,0.00000,-0.00000
222.5000,-77.5000,0.00000,-0.00000
222.5000,-72.5000,0.08708,-0.00074
222.5000,-67.5000,0.12375,-0.00289
222.5000,-62.5000,0.25595,-0.00166
222.5000,-57.5000,0.10728,0.00739
222.5000,-52.5000,0.25802,0.01869
222.5000,-47.5000,0.45535,0.02089
222.5000,-42.5000,0.41060,-0.00023
222.5000,-37.5000,0.42846,-0.02540
222.5000,-32.5000,0.46338,-0.01933
222.5000,-27.5000,0.35244,-0.01415
222.5000,-22.5000,0.31294,-0.02295
222.5000,-17.5000,0.38205,-0.03150
222.5000,-12.5000,0.42307,-0.04136
222.5000,-7.5000,0.51624,-0.02430
222.5000,-2.5000,0.63892,-0.00446
222.5000,2.5000,0.59596,-0.01538
222.5000,7.5000,0.50080,-0.00150
222.5000,12.5000,0.52793,-0.01405
222.5000,17.5000,0.57089,-0.05700
222.5000,22.5000,0.57302,-0.00717
222.5000,27.5000,0.49638,0.02891
222.5000,32.5000,0.44952,0.00205
222.5000,37.5000,0.44890,-0.00440
222.5000,42.5000,0.48511,-0.00312
222.5000,47.5000,0.51459,-0.00696
222.5000,52.5000,0.52725,-0.01019
222.5000,57.5000,0.50050,-0.00607
222.5000,62.5000,0.00000,-0.00122
222.5000,67.5000,0.00000,-0.00000
222.5000,72.5000,0.40645,-0.00000
222.5000,77.5000,0.19985,-0.00000
222.5000,82.5000,0.17096,-0.00000
222.5000,87.5000,0.15567,-0.00000
227.5000,-87.5000,0.00000,-0.00000
227.5000,-82.5000,0.00000,-0.00000
227.5000,-77.5000,0.00000,-0.00025
227.5000,-72.5000,0.09324,-0.00123
227.5000,-67.5000,0.13993,-0.00384
227.5000,-62.5000,0.27300,-0.00151
227.5000,-57.5000,0.20958,0.00976
227.5000,-52.5000,0.28226,0.02478
227.5000,-47.5000,0.41275,0.03226
227.5000,-42.5000,0.38214,0.02270
227.5000,-37.5000,0.40156,0.01409
227.5000,-32.5000,0.40846,0.01182
227.5000,-27.5000,0.34008,-0.00426
227.5000,-22.5000,0.31758,-0.02284
227.5000,-17.5000,0.36505,-0.03532
227.5000,-12.5000,0.40319,-0.03703
227.5000,-7.5000,0.51959,-0.01593
227.5000,-2.5000,0.63245,-0.00017
227.5000,2.5000,0.58921,-0.02357
227.5000,7.5000,0.49676,0.01721
227.5000,12.5000,0.51247,-0.00109
227.5000,17.5000,0.56370,-0.13077
227.5000,22.5000,0.57145,-0.06288
227.5000,27.5000,0.50801,0.03369
227.5000,32.5000,0.46357,0.00792
227.5000,37.5000,0.48532,0.00365
227.5000,42.5000,0.50448,0.00455
227.5000,47.5000,0.50970,-0.00534
227.5000,52.5000,0.47574,-0.01200
227.5000,57.5000,0.00000,-0.00551
227.5000,62.5000,0.00000,-0.00000
227.5000,67.5000,0.00000,-0.00000
227.5000,72.5000,0.40707,-0.00000
227.5000,77.5000,0.19555,-0.00000
227.5000,82.5000,0.16752,-0.00000
227.5000,87.5000,0.15235,-0.00000
232.5000,-87.5000,0.00000,-0.00000
232.5000,-82.5000,0.00000,-0.00000
232.5000,-77.5000,0.00000,-0.00049
232.5000,-72.5000,0.10316,-0.00123
232.5000,-67.5000,0.15548,-0.00227
232.5000,-62.5000,0.34988,0.00151
232.5000,-57.5000,0.26030,0.01094
232.5000,-52.5000,0.30392,0.02220
232.5000,-47.5000,0.39890,0.02734
232.5000,-42.5000,0.36792,0.01316
232.5000,-37.5000,0.38091,0.00621
232.5000,-32.5000,0.36690,0.01484
232.5000,-27.5000,0.31000,0.00640
232.5000,-22.5000,0.30633,-0.00703
232.5000,-17.5000,0.33604,-0.00954
232.5000,-12.5000,0.38679,-0.00790
232.5000,-7.5000,0.52686,-0.00303
232.5000,-2.5000,0.62797,-0.00000
232.5000,2.5000,0.58462,-0.01603
232.5000,7.5000,0.49871,0.05897
232.5000,12.5000,0.49997,0.02930
232.5000,17.5000,0.54390,-0.19708
232.5000,22.5000,0.55199,-0.16398
232.5000,27.5000,0.52688,-0.00736
232.5000,32.5000,0.49459,0.00917
232.5000,37.5000,0.49692,0.00525
232.5000,42.5000,0.50372,0.00150
232.5000,47.5000,0.51451,-0.00400
232.5000,52.5000,0.00000,-0.00799
232.5000,57.5000,0.00000,-0.00380
232.5000,62.5000,0.00000,-0.00000
232.5000,67.5000,0.00000,-0.00000
232.5000,72.5000,0.39364,-0.00000
232.5000,77.5000,0.19222,-0.00000
232.5000,82.5000,0.16317,-0.00000
232.5000,87.5000,0.14821,-0.00000
237.5000,-87.5000,0.00000,-0.00000
237.5000,-82.5000,0.00000,-0.00000
237.5000,-77.5000,0.00000,-0.00025
237.5000,-72.5000,0.11195,-0.00049
237.5000,-67.5000,0.17394,-0.00094
237.5000,-62.5000,0.36484,0.00303
237.5000,-57.5000,0.29738,0.01125
237.5000,-52.5000,0.34590,0.01413
237.5000,-47.5000,0.39665,0.00471
237.5000,-42.5000,0.37460,-0.01991
237.5000,-37.5000,0.37317,-0.02771
237.5000,-32.5000,0.33376,-0.00774
237.5000,-27.5000,0.28231,-0.00064
237.5000,-22.5000,0.30066,-0.00424
237.5000,-17.5000,0.30896,-0.00169
237.5000,-12.5000,0.38348,-0.00004
237.5000,-7.5000,0.53342,-0.00000
237.5000,-2.5000,0.62904,-0.00000
237.5000,2.5000,0.57735,0.00241
237.5000,7.5000,0.49866,0.05023
237.5000,12.5000,0.49309,-0.04192
237.5000,17.5000,0.52111,-0.29517
237.5000,22.5000,0.53863,-0.28527
237.5000,27.5000,0.52186,-0.08866
237.5000,32.5000,0.51376,-0.00819
237.5000,37.5000,0.48716,0.00015
237.5000,42.5000,0.00000,-0.00087
237.5000,47.5000,0.00000,-0.00134
237.5000,52.5000,0.00000,-0.00190
237.5000,57.5000,0.00000,-0.00095
237.5000,62.5000,0.00000,-0.00000
237.5000,67.5000,0.00000,-0.00000
237.5000,72.5000,0.00000,-0.00000
237.5000,77.5000,0.20370,-0.00000
237.5000,82.5000,0.16059,-0.00000
237.5000,87.5000,0.14591,-0.00000
242.5000,-87.5000,0.00000,-0.00000
242.5000,-82.5000,0.00000,-0.00000
242.5000,-77.5000,0.00000,-0.00000
242.5000,-72.5000,0.12362,-0.00000
242.5000,-67.5000,0.18940,-0.00070
242.5000,-62.5000,0.36574,0.00141
242.5000,-57.5000,0.32160,0.00680
242.5000,-52.5000,0.34955,0.00520
242.5000,-47.5000,0.38916,-0.00867
242.5000,-42.5000,0.38786,-0.02377
242.5000,-37.5000,0.36637,-0.02091
242.5000,-32.5000,0.32413,-0.00881
242.5000,-27.5000,0.28103,-0.00663
242.5000,-22.5000,0.29045,-0.00541
242.5000,-17.5000,0.28325,-0.00126
242.5000,-12.5000,0.39156,-0.00000
242.5000,-7.5000,0.53950,-0.00000
242.5000,-2.5000,0.63511,-0.00000
242.5000,2.5000,0.57629,0.01117
242.5000,7.5000,0.49941,-0.04479
242.5000,12.5000,0.50056,-0.24832
242.5000,17.5000,0.49698,-0.40516
242.5000,22.5000,0.50238,-0.30574
242.5000,27.5000,0.49210,-0.10026
242.5000,32.5000,0.49668,-0.00964
242.5000,37.5000,0.00000,-0.00268
242.5000,42.5000,0.00000,-0.00036
242.5000,47.5000,0.00000,-0.00000
242.5000,52.5000,0.00000,-0.00000
242.5000,57.5000,0.00000,-0.00000
242.5000,62.5000,0.00000,-0.00000
242.5000,67.5000,0.00000,-0.00000
242.5000,72.5000,0.00000,-0.00000
242.5000,77.5000,0.20517,-0.00000
242.5000,82.5000,0.16065,-0.00000
242.5000,87.5000,0.14643,-0.00000
247.5000,-87.5000,0.00000,-0.00000
247.5000,-82.5000,0.00000,-0.00000
247.5000,-77.5000,0.00000,-0.00000
247.5000,-72.5000,0.13619,-0.00000
247.5000,-67.5000,0.20961,-0.00070
247.5000,-62.5000,0.36682,-0.00007
247.5000,-57.5000,0.32930,0.00234
247.5000,-52.5000,0.31547,0.00003
247.5000,-47.5000,0.38610,-0.00536
247.5000,-42.5000,0.38650,-0.00349
247.5000,-37.5000,0.33992,0.00335
247.5000,-32.5000,0.32058,0.00248
247.5000,-27.5000,0.27198,-0.00301
247.5000,-22.5000,0.27182,-0.00260
247.5000,-17.5000,0.26971,-0.00028
247.5000,-12.5000,0.40691,-0.00000
247.5000,-7.5000,0.55134,-0.00000
247.5000,-2.5000,0.63807,-0.00000
247.5000,2.5000,0.57177,0.01368
247.5000,7.5000,0.49911,-0.09838
247.5000,12.5000,0.50375,-0.46200
247.5000,17.5000,0.48797,-0.62107
247.5000,22.5000,0.47468,-0.31184
247.5000,27.5000,0.00000,-0.03420
247.5000,32.5000,0.00000,0.00659
247.5000,37.5000,0.00000,-0.00010
247.5000,42.5000,0.00000,-0.00018
247.5000,47.5000,0.00000,-0.00000
247.5000,52.5000,0.00000,-0.00000
247.5000,57.5000,0.00000,-0.00000
247.5000,62.5000,0.00000,-0.00000
247.5000,67.5000,0.00000,-0.00000
247.5000,72.5000,0.00000,-0.00000
247.5000,77.5000,0.00000,-0.00000
247.5000,82.5000,0.16265,-0.00000
247.5000,87.5000,0.14890,-0.00000
252.5000,-87.5000,0.00000,-0.00000
252.5000,-82.5000,0.00000,-0.00000
252.5000,-77.5000,0.00000,-0.00000
252.5000,-72.5000,0.14204,-0.00000
252.5000,-67.5000,0.22435,-0.00070
252.5000,-62.5000,0.38616,-0.00009
252.5000,-57.5000,0.31694,0.00125
252.5000,-52.5000,0.31518,-0.00091
252.5000,-47.5000,0.37749,0.00195
252.5000,-42.5000,0.37542,0.01356
252.5000,-37.5000,0.33160,0.01703
252.5000,-32.5000,0.31042,0.00730
252.5000,-27.5000,0.27119,-0.00058
252.5000,-22.5000,0.25689,-0.00093
252.5000,-17.5000,0.26965,-0.00000
252.5000,-12.5000,0.42643,-0.00000
252.5000,-7.5000,0.56148,-0.00000
252.5000,-2.5000,0.64025,-0.00000
252.5000,2.5000,0.56063,0.00624
252.5000,7.5000,0.49987,-0.12896
252.5000,12.5000,0.50264,-0.56200
252.5000,17.5000,0.49396,-0.72863
252.5000,22.5000,0.49450,-0.31479
252.5000,27.5000,0.00000,-0.00853
252.5000,32.5000,0.00000,0.00595
252.5000,37.5000,0.00000,0.00209
252.5000,42.5000,0.00000,0.00057
252.5000,47.5000,0.00000,-0.00000
252.5000,52.5000,0.00000,-0.00000
252.5000,57.5000,0.00000,-0.00000
252.5000,62.5000,0.00000,-0.00000
252.5000,67.5000,0.00000,-0.00000
252.5000,72.5000,0.00000,-0.00000
252.5000,77.5000,0.18340,-0.00000
252.5000,82.5000,0.16402,-0.00000
252.5000,87.5000,0.15162,-0.00000
257.5000,-87.5000,0.00000,-0.00000
257.5000,-82.5000,0.00000,-0.00000
257.5000,-77.5000,0.00000,-0.00000
257.5000,-72.5000,0.17442,-0.00000
257.5000,-67.5000,0.24047,-0.00052
257.5000,-62.5000,0.40097,0.00041
257.5000,-57.5000,0.33228,0.00115
257.5000,-52.5000,0.31572,0.00067
257.5000,-47.5000,0.34375,0.00551
257.5000,-42.5000,0.34546,0.01430
257.5000,-37.5000,0.34075,0.01543
257.5000,-32.5000,0.30993,0.00602
257.5000,-27.5000,0.28218,-0.00063
257.5000,-22.5000,0.24075,-0.00046
257.5000,-17.5000,0.28479,-0.00000
257.5000,-12.5000,0.44848,-0.00000
257.5000,-7.5000,0.57282,-0.00000
257.5000,-2.5000,0.64156,-0.00000
257.5000,2.5000,0.55677,-0.00731
257.5000,7.5000,0.50235,-0.19598
257.5000,12.5000,0.51474,-0.52553
257.5000,17.5000,0.49780,-0.49364
257.5000,22.5000,0.00000,-0.15388
257.5000,27.5000,0.00000,0.00846
257.5000,32.5000,0.00000,0.00736
257.5000,37.5000,0.00000,0.00225
257.5000,42.5000,0.00000,0.00044
257.5000,47.5000,0.00000,-0.00000
257.5000,52.5000,0.00000,-0.00000
257.5000,57.5000,0.00000,-0.00000
257.5000,62.5000,0.00000,-0.00000
257.5000,67.5000,0.00000,-0.00000
257.5000,72.5000,0.00000,-0.00000
257.5000,77.5000,0.19731,-0.00000
257.5000,82.5000,0.16369,-0.00000
257.5000,87.5000,0.15252,-0.00000
262.5000,-87.5000,0.00000,-0.00000
262.5000,-82.5000,0.00000,-0.00000
262.5000,-77.5000,0.00000,-0.00000
262.5000,-72.5000,0.00000,-0.00000
262.5000,-67.5000,0.25532,-0.00017
262.5000,-62.5000,0.40149,0.00111
262.5000,-57.5000,0.34539,0.00167
262.5000,-52.5000,0.33413,0.00221
262.5000,-47.5000,0.34568,0.00343
262.5000,-42.5000,0.35780,0.00115
262.5000,-37.5000,0.34674,-0.00029
262.5000,-32.5000,0.31531,-0.00055
262.5000,-27.5000,0.28022,-0.00085
262.5000,-22.5000,0.23228,-0.00012
262.5000,-17.5000,0.30970,-0.00000
262.5000,-12.5000,0.47344,-0.00000
262.5000,-7.5000,0.58206,-0.00000
262.5000,-2.5000,0.63723,-0.00000
262.5000,2.5000,0.55745,-0.01248
262.5000,7.5000,0.50864,-0.18901
262.5000,12.5000,0.51082,-0.36790
262.5000,17.5000,0.00000,-0.22695
262.5000,22.5000,0.53339,-0.03514
262.5000,27.5000,0.00000,0.00822
262.5000,32.5000,0.00000,0.00303
262.5000,37.5000,0.00000,-0.00858
262.5000,42.5000,0.00000,-0.00383
262.5000,47.5000,0.00000,-0.00000
262.5000,52.5000,0.00000,-0.00000
262.5000,57.5000,0.00000,-0.00000
262.5000,62.5000,0.00000,-0.00000
262.5000,67.5000,0.00000,-0.00000
262.5000,72.5000,0.00000,-0.00000
262.5000,77.5000,0.20291,-0.00000
262.5000,82.5000,0.15580,-0.00000
262.5000,87.5000,0.14652,-0.00000
267.5000,-87.5000,0.00000,-0.00000
267.5000,-82.5000,0.00000,-0.00000
267.5000,-77.5000,0.00000,-0.00000
267.5000,-72.5000,0.22213,-0.00000
267.5000,-67.5000,0.26601,-0.00000
267.5000,-62.5000,0.40502,0.00181
267.5000,-57.5000,0.35087,0.00385
267.5000,-52.5000,0.34993,0.00297
267.5000,-47.5000,0.35787,-0.00041
267.5000,-42.5000,0.37271,-0.00732
267.5000,-37.5000,0.37581,-0.01042
267.5000,-32.5000,0.33551,-0.00490
267.5000,-27.5000,0.26309,-0.00046
267.5000,-22.5000,0.23965,-0.00000
267.5000,-17.5000,0.35159,-0.00000
267.5000,-12.5000,0.50690,-0.00000
267.5000,-7.5000,0.58525,-0.00000
267.5000,-2.5000,0.62157,-0.00000
267.5000,2.5000,0.55681,-0.01007
267.5000,7.5000,0.51718,-0.11369
267.5000,12.5000,0.52890,-0.19375
267.5000,17.5000,0.00000,-0.10719
267.5000,22.5000,0.53129,-0.05958
267.5000,27.5000,0.53021,-0.07247
267.5000,32.5000,0.00000,-0.04646
267.5000,37.5000,0.00000,-0.02513
267.5000,42.5000,0.00000,-0.00862
267.5000,47.5000,0.00000,-0.00000
267.5000,52.5000,0.00000,-0.00000
267.5000,57.5000,0.00000,-0.00000
267.5000,62.5000,0.00000,-0.00000
267.5000,67.5000,0.00000,-0.00000
267.5000,72.5000,0.24756,-0.00000
267.5000,77.5000,0.20035,-0.00000
267.5000,82.5000,0.13353,-0.00000
267.5000,87.5000,0.13250,-0.00000
272.5000,-87.5000,0.00000,-0.00000
272.5000,-82.5000,0.00000,-0.00000
272.5000,-77.5000,0.00000,-0.00000
272.5000,-72.5000,0.21085,-0.00000
272.5000,-67.5000,0.27736,-0.00000
272.5000,-62.5000,0.41887,0.00247
272.5000,-57.5000,0.34238,0.00738
272.5000,-52.5000,0.35008,0.00689
272.5000,-47.5000,0.36174,0.00101
272.5000,-42.5000,0.39643,-0.00555
272.5000,-37.5000,0.40114,-0.00875
272.5000,-32.5000,0.30919,-0.00429
272.5000,-27.5000,0.25449,-0.00012
272.5000,-22.5000,0.26301,-0.00000
272.5000,-17.5000,0.40784,-0.00000
272.5000,-12.5000,0.53925,-0.00000
272.5000,-7.5000,0.59988,-0.00000
272.5000,-2.5000,0.60916,-0.00000
272.5000,2.5000,0.54883,-0.00408
272.5000,7.5000,0.51828,-0.03157
272.5000,12.5000,0.00000,-0.05625
272.5000,17.5000,0.52385,-0.06210
272.5000,22.5000,0.52780,-0.11510
272.5000,27.5000,0.52733,-0.15173
272.5000,32.5000,0.00000,-0.09189
272.5000,37.5000,0.00000,-0.02763
272.5000,42.5000,0.00000,-0.00571
272.5000,47.5000,0.00000,-0.00000
272.5000,52.5000,0.00000,-0.00000
272.5000,57.5000,0.39804,-0.00000
272.5000,62.5000,0.28952,-0.00000
272.5000,67.5000,0.21041,-0.00000
272.5000,72.5000,0.00000,-0.00000
272.5000,77.5000,0.00000,-0.00000
272.5000,82.5000,0.10059,-0.00000
272.5000,87.5000,0.08739,-0.00000
277.5000,-87.5000,0.00000,-0.00000
277.5000,-82.5000,0.00000,-0.00000
277.5000,-77.5000,0.00000,-0.00000
277.5000,-72.5000,0.20509,-0.00000
277.5000,-67.5000,0.24086,-0.00000
277.5000,-62.5000,0.36980,0.00292
277.5000,-57.5000,0.31893,0.00848
277.5000,-52.5000,0.33899,0.00821
277.5000,-47.5000,0.36543,0.00259
277.5000,-42.5000,0.39396,-0.00132
277.5000,-37.5000,0.33730,-0.00247
277.5000,-32.5000,0.28772,-0.00121
277.5000,-27.5000,0.24891,-0.00000
277.5000,-22.5000,0.29977,-0.00000
277.5000,-17.5000,0.46299,-0.00000
277.5000,-12.5000,0.57219,-0.00000
277.5000,-7.5000,0.61216,-0.00000
277.5000,-2.5000,0.58720,-0.00000
277.5000,2.5000,0.52594,-0.00115
277.5000,7.5000,0.51789,0.00845
277.5000,12.5000,0.52619,-0.00541
277.5000,17.5000,0.52632,-0.11546
277.5000,22.5000,0.00000,-0.21982
277.5000,27.5000,0.53459,-0.18678
277.5000,32.5000,0.00000,-0.08498
277.5000,37.5000,0.00000,-0.01242
277.5000,42.5000,0.00000,0.00503
277.5000,47.5000,0.00000,-0.00010
277.5000,52.5000,0.00000,-0.00000
277.5000,57.5000,0.43197,-0.00000
277.5000,62.5000,0.00000,-0.00000
277.5000,67.5000,0.00000,-0.00000
277.5000,72.5000,0.00000,-0.00000
277.5000,77.5000,0.00000,-0.00000
277.5000,82.5000,0.00000,-0.00000
277.5000,87.5000,0.04726,-0.00000
282.5000,-87.5000,0.00000,-0.00000
282.5000,-82.5000,0.00000,-0.00000
282.5000,-77.5000,0.00000,-0.00000
282.5000,-72.5000,0.20317,-0.00000
282.5000,-67.5000,0.20637,-0.00000
282.5000,-62.5000,0.30016,0.00187
282.5000,-57.5000,0.30440,0.00463
282.5000,-52.5000,0.31383,0.00364
282.5000,-47.5000,0.33833,0.00090
282.5000,-42.5000,0.34695,0.00003
282.5000,-37.5000,0.30909,0.00002
282.5000,-32.5000,0.25886,-0.00000
282.5000,-27.5000,0.27031,-0.00000
282.5000,-22.5000,0.37245,-0.00000
282.5000,-17.5000,0.49956,-0.00000
282.5000,-12.5000,0.58643,-0.00000
282.5000,-7.5000,0.00000,-0.00000
282.5000,-2.5000,0.00000,-0.00000
282.5000,2.5000,0.00000,-0.00078
282.5000,7.5000,0.00000,0.00237
282.5000,12.5000,0.52862,-0.02592
282.5000,17.5000,0.52894,-0.15380
282.5000,22.5000,0.49457,-0.26097
282.5000,27.5000,0.46068,-0.22229
282.5000,32.5000,0.51467,-0.11580
282.5000,37.5000,0.00000,-0.01480
282.5000,42.5000,0.00000,0.01818
282.5000,47.5000,0.00000,0.00338
282.5000,52.5000,0.00000,0.00014
282.5000,57.5000,0.45310,-0.00000
282.5000,62.5000,0.28774,-0.00000
282.5000,67.5000,0.19704,-0.00000
282.5000,72.5000,0.00000,-0.00000
282.5000,77.5000,0.18770,-0.00000
282.5000,82.5000,0.00000,-0.00000
282.5000,87.5000,0.02950,-0.00000
287.5000,-87.5000,0.00000,-0.00000
287.5000,-82.5000,0.00000,-0.00000
287.5000,-77.5000,0.00000,-0.00000
287.5000,-72.5000,0.18409,-0.00000
287.5000,-67.5000,0.22853,-0.00000
287.5000,-62.5000,0.29557,0.00044
287.5000,-57.5000,0.27299,0.00088
287.5000,-52.5000,0.00000,0.00044
287.5000,-47.5000,0.00000,-0.00000
287.5000,-42.5000,0.00000,-0.00000
287.5000,-37.5000,0.00000,-0.00000
287.5000,-32.5000,0.28943,-0.00000
287.5000,-27.5000,0.33276,-0.00000
287.5000,-22.5000,0.42621,-0.00000
287.5000,-17.5000,0.50762,-0.00000
287.5000,-12.5000,0.00000,-0.00000
287.5000,-7.5000,0.00000,-0.00000
287.5000,-2.5000,0.00000,-0.00000
287.5000,2.5000,0.00000,-0.00000
287.5000,7.5000,0.00000,-0.00464
287.5000,12.5000,0.52910,-0.05389
287.5000,17.5000,0.52441,-0.18311
287.5000,22.5000,0.54166,-0.29245
287.5000,27.5000,0.48540,-0.29595
287.5000,32.5000,0.37480,-0.19852
287.5000,37.5000,0.57209,-0.04891
287.5000,42.5000,0.00000,0.01737
287.5000,47.5000,0.00000,0.00437
287.5000,52.5000,0.00000,-0.00116
287.5000,57.5000,0.00000,-0.00043
287.5000,62.5000,0.21728,-0.00012
287.5000,67.5000,0.00000,-0.00023
287.5000,72.5000,0.19494,-0.00012
287.5000,77.5000,0.16380,-0.00000
287.5000,82.5000,0.00000,-0.00000
287.5000,87.5000,0.01593,-0.00000
292.5000,-87.5000,0.00000,-0.00000
292.5000,-82.5000,0.00000,-0.00000
292.5000,-77.5000,0.12285,-0.00000
292.5000,-72.5000,0.00000,-0.00000
292.5000,-67.5000,0.00000,-0.00000
292.5000,-62.5000,0.29314,-0.00000
292.5000,-57.5000,0.27030,-0.00000
292.5000,-52.5000,0.33904,-0.00000
292.5000,-47.5000,0.00000,-0.00000
292.5000,-42.5000,0.00000,-0.00000
292.5000,-37.5000,0.00000,-0.00000
292.5000,-32.5000,0.00000,-0.00000
292.5000,-27.5000,0.00000,-0.00000
292.5000,-22.5000,0.00000,-0.00000
292.5000,-17.5000,0.00000,-0.00000
292.5000,-12.5000,0.00000,-0.00000
292.5000,-7.5000,0.00000,-0.00000
292.5000,-2.5000,0.00000,-0.00000
292.5000,2.5000,0.00000,-0.00000
292.5000,7.5000,0.00000,-0.01066
292.5000,12.5000,0.52503,-0.09960
292.5000,17.5000,0.51872,-0.27920
292.5000,22.5000,0.55318,-0.40922
292.5000,27.5000,0.51909,-0.38971
292.5000,32.5000,0.39453,-0.23252
292.5000,37.5000,0.48285,-0.06019
292.5000,42.5000,0.66355,-0.00067
292.5000,47.5000,0.00000,-0.00502
292.5000,52.5000,0.00000,-0.00336
292.5000,57.5000,0.00000,-0.00167
292.5000,62.5000,0.00000,-0.00296
292.5000,67.5000,0.00000,-0.00221
292.5000,72.5000,0.18718,-0.00035
292.5000,77.5000,0.00000,-0.00000
292.5000,82.5000,0.00000,-0.00000
292.5000,87.5000,0.01715,-0.00000
297.5000,-87.5000,0.00000,-0.00000
297.5000,-82.5000,0.00000,-0.00000
297.5000,-77.5000,0.07161,-0.00000
297.5000,-72.5000,0.00000,-0.00000
297.5000,-67.5000,0.15476,-0.00000
297.5000,-62.5000,0.27705,-0.00000
297.5000,-57.5000,0.27619,-0.00000
297.5000,-52.5000,0.32586,-0.00000
297.5000,-47.5000,0.39388,-0.00000
297.5000,-42.5000,0.41183,-0.00000
297.5000,-37.5000,0.00000,-0.00000
297.5000,-32.5000,0.00000,-0.00000
297.5000,-27.5000,0.00000,-0.00000
297.5000,-22.5000,0.00000,-0.00000
297.5000,-17.5000,0.00000,-0.00000
297.5000,-12.5000,0.00000,-0.00000
297.5000,-7.5000,0.00000,-0.00000
297.5000,-2.5000,0.00000,-0.00000
297.5000,2.5000,0.00000,0.00037
297.5000,7.5000,0.00000,-0.01749
297.5000,12.5000,0.50915,-0.15225
297.5000,17.5000,0.49874,-0.37684
297.5000,22.5000,0.55794,-0.49512
297.5000,27.5000,0.54078,-0.39711
297.5000,32.5000,0.43024,-0.17792
297.5000,37.5000,0.54076,-0.05044
297.5000,42.5000,0.66570,-0.02193
297.5000,47.5000,0.69913,-0.01167
297.5000,52.5000,0.00000,-0.01047
297.5000,57.5000,0.00000,-0.00770
297.5000,62.5000,0.20526,-0.00804
297.5000,67.5000,0.21871,-0.00481
297.5000,72.5000,0.20701,-0.00070
297.5000,77.5000,0.00000,-0.00000
297.5000,82.5000,0.00000,-0.00000
297.5000,87.5000,0.02114,-0.00000
302.5000,-87.5000,0.00000,-0.00000
302.5000,-82.5000,0.05480,-0.00000
302.5000,-77.5000,0.03059,-0.00000
302.5000,-72.5000,0.04360,-0.00000
302.5000,-67.5000,0.12854,-0.00000
302.5000,-62.5000,0.22451,-0.00000
302.5000,-57.5000,0.30164,-0.00000
302.5000,-52.5000,0.31964,-0.00000
302.5000,-47.5000,0.37164,-0.00000
302.5000,-42.5000,0.45992,0.00031
302.5000,-37.5000,0.00000,0.00105
302.5000,-32.5000,0.00000,0.00055
302.5000,-27.5000,0.00000,-0.00082
302.5000,-22.5000,0.00000,-0.00063
302.5000,-17.5000,0.00000,-0.00000
302.5000,-12.5000,0.00000,-0.00000
302.5000,-7.5000,0.00000,-0.00000
302.5000,-2.5000,0.00000,-0.00000
302.5000,2.5000,0.00000,0.00148
302.5000,7.5000,0.49177,-0.02762
302.5000,12.5000,0.49547,-0.22241
302.5000,17.5000,0.48414,-0.48986
302.5000,22.5000,0.54931,-0.56164
302.5000,27.5000,0.53324,-0.41665
302.5000,32.5000,0.45294,-0.20353
302.5000,37.5000,0.52554,-0.07740
302.5000,42.5000,0.63203,-0.02608
302.5000,47.5000,0.62573,-0.01187
302.5000,52.5000,0.00000,-0.01928
302.5000,57.5000,0.10962,-0.01558
302.5000,62.5000,0.07509,-0.01240
302.5000,67.5000,0.20671,-0.00594
302.5000,72.5000,0.22737,-0.00106
302.5000,77.5000,0.00000,-0.00000
302.5000,82.5000,0.06286,-0.00000
302.5000,87.5000,0.02638,-0.00000
307.5000,-87.5000,0.00000,-0.00000
307.5000,-82.5000,0.04653,-0.00000
307.5000,-77.5000,0.03273,-0.00000
307.5000,-72.5000,0.06289,-0.00000
307.5000,-67.5000,0.12209,-0.00000
307.5000,-62.5000,0.10562,-0.00000
307.5000,-57.5000,0.30569,-0.00000
307.5000,-52.5000,0.29016,-0.00000
307.5000,-47.5000,0.40066,0.00048
307.5000,-42.5000,0.66113,0.00282
307.5000,-37.5000,0.50948,0.00211
307.5000,-32.5000,0.00000,-0.00380
307.5000,-27.5000,0.00000,-0.00504
307.5000,-22.5000,0.00000,-0.00147
307.5000,-17.5000,0.00000,-0.00000
307.5000,-12.5000,0.00000,-0.00000
307.5000,-7.5000,0.00000,-0.00000
307.5000,-2.5000,0.00000,-0.00000
307.5000,2.5000,0.00000,0.00050
307.5000,7.5000,0.49815,-0.05670
307.5000,12.5000,0.49703,-0.34415
307.5000,17.5000,0.47231,-0.66446
307.5000,22.5000,0.53502,-0.66462
307.5000,27.5000,0.54496,-0.51435
307.5000,32.5000,0.48441,-0.33921
307.5000,37.5000,0.48945,-0.13103
307.5000,42.5000,0.64106,-0.02286
307.5000,47.5000,0.45854,-0.01540
307.5000,52.5000,0.19658,-0.02195
307.5000,57.5000,-0.06179,-0.02097
307.5000,62.5000,-0.05697,-0.01490
307.5000,67.5000,0.00000,-0.00513
307.5000,72.5000,0.00000,-0.00084
307.5000,77.5000,0.00000,-0.00000
307.5000,82.5000,0.07297,-0.00000
307.5000,87.5000,0.02571,-0.00000
312.5000,-87.5000,0.00000,-0.00000
312.5000,-82.5000,0.00000,-0.00000
312.5000,-77.5000,0.04613,-0.00000
312.5000,-72.5000,0.07544,-0.00000
312.5000,-67.5000,0.10091,-0.00000
312.5000,-62.5000,0.09230,-0.00000
312.5000,-57.5000,0.27690,-0.00000
312.5000,-52.5000,0.33352,0.00042
312.5000,-47.5000,0.42222,0.00208
312.5000,-42.5000,0.60284,0.00301
312.5000,-37.5000,0.36260,-0.00529
312.5000,-32.5000,0.37802,-0.01715
312.5000,-27.5000,0.44097,-0.01430
312.5000,-22.5000,0.00000,-0.00291
312.5000,-17.5000,0.00000,0.00206
312.5000,-12.5000,0.00000,0.00143
312.5000,-7.5000,0.00000,0.00026
312.5000,-2.5000,0.00000,-0.00000
312.5000,2.5000,0.50850,-0.00324
312.5000,7.5000,0.50917,-0.10104
312.5000,12.5000,0.50112,-0.41703
312.5000,17.5000,0.46630,-0.69909
312.5000,22.5000,0.50563,-0.62894
312.5000,27.5000,0.53967,-0.43478
312.5000,32.5000,0.48021,-0.29658
312.5000,37.5000,0.47083,-0.13363
312.5000,42.5000,0.69850,-0.03035
312.5000,47.5000,0.29020,-0.01212
312.5000,52.5000,0.00441,-0.01256
312.5000,57.5000,-0.22357,-0.01657
312.5000,62.5000,0.00000,-0.00988
312.5000,67.5000,0.00000,-0.00159
312.5000,72.5000,0.00000,-0.00025
312.5000,77.5000,0.00000,-0.00000
312.5000,82.5000,0.00000,-0.00000
312.5000,87.5000,0.02320,-0.00000
317.5000,-87.5000,0.00000,-0.00000
317.5000,-82.5000,0.00000,-0.00000
317.5000,-77.5000,0.05137,-0.00000
317.5000,-72.5000,0.08298,-0.00000
317.5000,-67.5000,0.08811,-0.00000
317.5000,-62.5000,0.08510,-0.00000
317.5000,-57.5000,0.27940,0.00075
317.5000,-52.5000,0.37104,0.00260
317.5000,-47.5000,0.44047,0.00569
317.5000,-42.5000,0.55523,0.00235
317.5000,-37.5000,0.40659,-0.01357
317.5000,-32.5000,0.43206,-0.02588
317.5000,-27.5000,0.44124,-0.02959
317.5000,-22.5000,0.00000,-0.02590
317.5000,-17.5000,0.00000,-0.00068
317.5000,-12.5000,0.00000,0.02035
317.5000,-7.5000,0.00000,0.01207
317.5000,-2.5000,0.50538,0.00115
317.5000,2.5000,0.51283,-0.00929
317.5000,7.5000,0.51255,-0.13427
317.5000,12.5000,0.50961,-0.39224
317.5000,17.5000,0.46881,-0.53074
317.5000,22.5000,0.47895,-0.40629
317.5000,27.5000,0.51129,-0.21643
317.5000,32.5000,0.48817,-0.12399
317.5000,37.5000,0.45237,-0.06253
317.5000,42.5000,0.61549,-0.01493
317.5000,47.5000,0.12391,0.00293
317.5000,52.5000,-0.18504,0.00815
317.5000,57.5000,-0.36836,0.00389
317.5000,62.5000,0.00000,0.00452
317.5000,67.5000,0.00000,0.00307
317.5000,72.5000,0.00000,-0.00000
317.5000,77.5000,0.00000,-0.00000
317.5000,82.5000,0.00000,-0.00000
317.5000,87.5000,0.02405,-0.00000
322.5000,-87.5000,0.00000,-0.00000
322.5000,-82.5000,0.00000,-0.00000
322.5000,-77.5000,0.04894,-0.00000
322.5000,-72.5000,0.08455,-0.00000
322.5000,-67.5000,0.08674,-0.00000
322.5000,-62.5000,0.08557,-0.00000
322.5000,-57.5000,0.24942,0.00151
322.5000,-52.5000,0.36693,0.00528
322.5000,-47.5000,0.46469,0.01043
322.5000,-42.5000,0.54505,0.00666
322.5000,-37.5000,0.45627,-0.01086
322.5000,-32.5000,0.45040,-0.02347
322.5000,-27.5000,0.45760,-0.04072
322.5000,-22.5000,0.47590,-0.05629
322.5000,-17.5000,0.44765,-0.01579
322.5000,-12.5000,0.45812,0.03339
322.5000,-7.5000,0.00000,0.02421
322.5000,-2.5000,0.51332,0.00392
322.5000,2.5000,0.52784,-0.01011
322.5000,7.5000,0.52429,-0.10144
322.5000,12.5000,0.52059,-0.28329
322.5000,17.5000,0.47948,-0.34725
322.5000,22.5000,0.45606,-0.19998
322.5000,27.5000,0.48238,-0.06516
322.5000,32.5000,0.46581,-0.03574
322.5000,37.5000,0.42531,-0.01545
322.5000,42.5000,0.57626,0.00318
322.5000,47.5000,0.07881,0.00673
322.5000,52.5000,-0.35485,0.01026
322.5000,57.5000,-0.34148,0.01520
322.5000,62.5000,-0.06415,0.01402
322.5000,67.5000,0.00000,0.00497
322.5000,72.5000,0.00000,-0.00000
322.5000,77.5000,0.00000,-0.00000
322.5000,82.5000,0.00000,-0.00000
322.5000,87.5000,0.02422,-0.00000
327.5000,-87.5000,0.00000,-0.00000
327.5000,-82.5000,0.00000,-0.00000
327.5000,-77.5000,0.05338,-0.00000
327.5000,-72.5000,0.08042,-0.00000
327.5000,-67.5000,0.08835,-0.00000
327.5000,-62.5000,0.08742,-0.00000
327.5000,-57.5000,0.22975,0.00135
327.5000,-52.5000,0.37481,0.00631
327.5000,-47.5000,0.47634,0.01173
327.5000,-42.5000,0.56044,0.00126
327.5000,-37.5000,0.47186,-0.01954
327.5000,-32.5000,0.48106,-0.02735
327.5000,-27.5000,0.46603,-0.03744
327.5000,-22.5000,0.45805,-0.04877
327.5000,-17.5000,0.43085,-0.02233
327.5000,-12.5000,0.46517,0.01546
327.5000,-7.5000,0.50227,0.01693
327.5000,-2.5000,0.52984,0.00526
327.5000,2.5000,0.53913,0.00482
327.5000,7.5000,0.54200,-0.00548
327.5000,12.5000,0.52729,-0.08990
327.5000,17.5000,0.49810,-0.15272
327.5000,22.5000,0.44826,-0.07810
327.5000,27.5000,0.47686,-0.02188
327.5000,32.5000,0.45243,-0.05303
327.5000,37.5000,0.38096,-0.06279
327.5000,42.5000,0.31293,-0.02432
327.5000,47.5000,0.00219,-0.00229
327.5000,52.5000,-0.41534,-0.00390
327.5000,57.5000,-0.27637,0.00288
327.5000,62.5000,-0.10743,0.00461
327.5000,67.5000,0.17405,0.00099
327.5000,72.5000,0.00000,-0.00000
327.5000,77.5000,0.00000,-0.00000
327.5000,82.5000,0.00000,-0.00000
327.5000,87.5000,0.02427,-0.00000
332.5000,-87.5000,0.00000,-0.00000
332.5000,-82.5000,0.00000,-0.00000
332.5000,-77.5000,0.00000,-0.00000
332.5000,-72.5000,0.07355,-0.00000
332.5000,-67.5000,0.09082,-0.00000
332.5000,-62.5000,0.08692,0.00061
332.5000,-57.5000,0.16977,0.00290
332.5000,-52.5000,0.43011,0.00719
332.5000,-47.5000,0.49018,0.00627
332.5000,-42.5000,0.57488,-0.01450
332.5000,-37.5000,0.50814,-0.03585
332.5000,-32.5000,0.53368,-0.03322
332.5000,-27.5000,0.46018,-0.02660
332.5000,-22.5000,0.44377,-0.02454
332.5000,-17.5000,0.42430,-0.01313
332.5000,-12.5000,0.46895,0.00308
332.5000,-7.5000,0.50700,0.00769
332.5000,-2.5000,0.53773,0.00338
332.5000,2.5000,0.54223,0.01174
332.5000,7.5000,0.55725,0.02065
332.5000,12.5000,0.55708,-0.02658
332.5000,17.5000,0.51569,-0.06948
332.5000,22.5000,0.44841,-0.04164
332.5000,27.5000,0.46448,-0.03135
332.5000,32.5000,0.45234,-0.07597
332.5000,37.5000,0.41813,-0.09969
332.5000,42.5000,0.31805,-0.04967
332.5000,47.5000,0.06712,-0.00047
332.5000,52.5000,-0.10959,-0.00032
332.5000,57.5000,-0.18525,-0.00942
332.5000,62.5000,-0.06930,-0.01162
332.5000,67.5000,0.19005,-0.00510
332.5000,72.5000,0.00000,-0.00007
332.5000,77.5000,0.00000,-0.00000
332.5000,82.5000,0.00000,-0.00000
332.5000,87.5000,0.02464,-0.00000
337.5000,-87.5000,0.00000,-0.00000
337.5000,-82.5000,0.00000,-0.00000
337.5000,-77.5000,0.00000,-0.00000
337.5000,-72.5000,0.07112,-0.00000
337.5000,-67.5000,0.09020,-0.00000
337.5000,-62.5000,0.09359,0.00122
337.5000,-57.5000,0.17879,0.00351
337.5000,-52.5000,0.38746,0.00475
337.5000,-47.5000,0.49846,-0.00192
337.5000,-42.5000,0.66060,-0.01901
337.5000,-37.5000,0.63644,-0.02882
337.5000,-32.5000,0.57097,-0.02206
337.5000,-27.5000,0.44180,-0.01439
337.5000,-22.5000,0.42141,-0.01383
337.5000,-17.5000,0.42516,-0.01084
337.5000,-12.5000,0.47489,-0.00281
337.5000,-7.5000,0.50991,0.00167
337.5000,-2.5000,0.54507,0.00095
337.5000,2.5000,0.54535,0.00722
337.5000,7.5000,0.55457,-0.01404
337.5000,12.5000,0.54952,-0.09801
337.5000,17.5000,0.50539,-0.12585
337.5000,22.5000,0.44279,-0.05414
337.5000,27.5000,0.42772,-0.01489
337.5000,32.5000,0.45018,-0.03542
337.5000,37.5000,0.42790,-0.05229
337.5000,42.5000,0.34956,-0.02907
337.5000,47.5000,0.12045,0.00727
337.5000,52.5000,-0.06448,0.01092
337.5000,57.5000,0.09216,-0.00805
337.5000,62.5000,0.08601,-0.01505
337.5000,67.5000,0.28481,-0.00583
337.5000,72.5000,0.00000,-0.00014
337.5000,77.5000,0.00000,-0.00000
337.5000,82.5000,0.00000,-0.00000
337.5000,87.5000,0.02662,-0.00000
342.5000,-87.5000,0.00000,-0.00000
342.5000,-82.5000,0.00000,-0.00000
342.5000,-77.5000,0.00000,-0.00000
342.5000,-72.5000,0.07669,-0.00000
342.5000,-67.5000,0.08766,-0.00039
342.5000,-62.5000,0.09350,-0.00098
342.5000,-57.5000,0.17202,-0.00153
342.5000,-52.5000,0.36062,-0.00227
342.5000,-47.5000,0.51865,-0.00621
342.5000,-42.5000,0.68766,-0.01179
342.5000,-37.5000,0.69895,-0.01205
342.5000,-32.5000,0.49513,-0.00780
342.5000,-27.5000,0.41509,-0.00571
342.5000,-22.5000,0.41743,-0.00965
342.5000,-17.5000,0.43972,-0.01608
342.5000,-12.5000,0.48102,-0.01521
342.5000,-7.5000,0.51443,-0.00565
342.5000,-2.5000,0.55273,0.00007
342.5000,2.5000,0.54684,0.00959
342.5000,7.5000,0.55043,-0.00838
342.5000,12.5000,0.53429,-0.08215
342.5000,17.5000,0.50588,-0.10158
342.5000,22.5000,0.44225,-0.03778
342.5000,27.5000,0.39194,-0.00124
342.5000,32.5000,0.43785,-0.00867
342.5000,37.5000,0.40594,-0.01445
342.5000,42.5000,0.33506,-0.00477
342.5000,47.5000,0.33107,0.00879
342.5000,52.5000,0.23392,0.00762
342.5000,57.5000,0.24319,-0.00654
342.5000,62.5000,0.18984,-0.01157
342.5000,67.5000,0.49015,-0.00556
342.5000,72.5000,0.41913,-0.00123
342.5000,77.5000,0.25790,-0.00000
342.5000,82.5000,0.06692,-0.00000
342.5000,87.5000,0.03238,-0.00000
347.5000,-87.5000,0.00000,-0.00000
347.5000,-82.5000,0.00000,-0.00000
347.5000,-77.5000,0.00000,-0.00000
347.5000,-72.5000,0.08986,-0.00000
347.5000,-67.5000,0.09366,-0.00079
347.5000,-62.5000,0.09202,-0.00323
347.5000,-57.5000,0.19670,-0.00485
347.5000,-52.5000,0.36240,-0.00565
347.5000,-47.5000,0.51702,-0.00798
347.5000,-42.5000,0.64180,-0.00813
347.5000,-37.5000,0.48762,-0.00555
347.5000,-32.5000,0.40282,-0.00314
347.5000,-27.5000,0.42494,-0.00205
347.5000,-22.5000,0.42203,-0.00489
347.5000,-17.5000,0.45376,-0.01754
347.5000,-12.5000,0.48506,-0.02464
347.5000,-7.5000,0.51845,-0.01091
347.5000,-2.5000,0.55802,0.00002
347.5000,2.5000,0.54473,0.00518
347.5000,7.5000,0.53952,0.00078
347.5000,12.5000,0.00000,-0.02328
347.5000,17.5000,0.00000,-0.02903
347.5000,22.5000,0.00000,-0.01100
347.5000,27.5000,0.00000,-0.00185
347.5000,32.5000,0.37151,-0.01095
347.5000,37.5000,0.33500,-0.01808
347.5000,42.5000,0.30174,-0.00444
347.5000,47.5000,0.30765,0.00819
347.5000,52.5000,0.29212,0.00454
347.5000,57.5000,0.26643,-0.00387
347.5000,62.5000,0.17686,-0.00840
347.5000,67.5000,0.51085,-0.00683
347.5000,72.5000,0.66338,-0.00232
347.5000,77.5000,0.38676,-0.00000
347.5000,82.5000,0.11840,-0.00000
347.5000,87.5000,0.04875,-0.00000
352.5000,-87.5000,0.00000,-0.00000
352.5000,-82.5000,0.00000,-0.00000
352.5000,-77.5000,0.00000,-0.00000
352.5000,-72.5000,0.00000,-0.00000
352.5000,-67.5000,0.10472,-0.00039
352.5000,-62.5000,0.08820,-0.00146
352.5000,-57.5000,0.18945,-0.00204
352.5000,-52.5000,0.30721,-0.00408
352.5000,-47.5000,0.49501,-0.00740
352.5000,-42.5000,0.64133,-0.00664
352.5000,-37.5000,0.41975,-0.00354
352.5000,-32.5000,0.39299,-0.00153
352.5000,-27.5000,0.41910,-0.00034
352.5000,-22.5000,0.43024,-0.00085
352.5000,-17.5000,0.46102,-0.01199
352.5000,-12.5000,0.49074,-0.02142
352.5000,-7.5000,0.53045,-0.01029
352.5000,-2.5000,0.55828,-0.00000
352.5000,2.5000,0.53807,-0.00068
352.5000,7.5000,0.00000,-0.00298
352.5000,12.5000,0.00000,-0.00796
352.5000,17.5000,0.00000,-0.00969
352.5000,22.5000,0.00000,-0.00403
352.5000,27.5000,0.00000,-0.00035
352.5000,32.5000,0.00000,-0.00654
352.5000,37.5000,0.00000,-0.01358
352.5000,42.5000,0.00000,-0.00796
352.5000,47.5000,0.33821,0.00132
352.5000,52.5000,0.00000,0.00436
352.5000,57.5000,0.30177,0.00395
352.5000,62.5000,0.24812,0.00017
352.5000,67.5000,0.75589,-0.00245
352.5000,72.5000,0.68744,-0.00116
352.5000,77.5000,0.49483,-0.00000
352.5000,82.5000,0.19710,-0.00000
352.5000,87.5000,0.06790,-0.00000
357.5000,-87.5000,0.00000,-0.00000
357.5000,-82.5000,0.00000,-0.00000
357.5000,-77.5000,0.00000,-0.00000
357.5000,-72.5000,0.00000,-0.00000
357.5000,-67.5000,0.10910,-0.00000
357.5000,-62.5000,0.08270,0.00039
357.5000,-57.5000,0.16996,-0.00000
357.5000,-52.5000,0.33702,-0.00201
357.5000,-47.5000,0.50852,-0.00284
357.5000,-42.5000,0.62846,-0.00201
357.5000,-37.5000,0.49952,-0.00118
357.5000,-32.5000,0.42451,-0.00039
357.5000,-27.5000,0.42213,-0.00000
357.5000,-22.5000,0.44119,-0.00000
357.5000,-17.5000,0.45642,-0.00354
357.5000,-12.5000,0.50259,-0.00708
357.5000,-7.5000,0.54352,-0.00354
357.5000,-2.5000,0.55472,-0.00000
357.5000,2.5000,0.53372,-0.00000
357.5000,7.5000,0.00000,-0.00184
357.5000,12.5000,0.00000,-0.00691
357.5000,17.5000,0.00000,-0.00829
357.5000,22.5000,0.00000,-0.00322
357.5000,27.5000,0.00000,-0.00000
357.5000,32.5000,0.00000,-0.00073
357.5000,37.5000,0.00000,-0.00267
357.5000,42.5000,0.00000,-0.00456
357.5000,47.5000,0.00000,-0.00508
357.5000,52.5000,0.00000,-0.00152
357.5000,57.5000,0.00000,0.00441
357.5000,62.5000,0.34581,0.00498
357.5000,67.5000,0.71599,0.00150
357.5000,72.5000,0.81409,-0.00000
357.5000,77.5000,0.54038,-0.00000
357.5000,82.5000,0.22131,-0.00000
357.5000,87.5000,0.07968,-0.00000
