Year,Member,Data
1941,1,75
1942,1,87
1943,1,93
1944,1,91
1945,1,84
1946,1,79
1947,1,74
1948,1,107
1949,1,87
1950,1,105
1951,1,95
1952,1,95
1953,1,84
1954,1,70
1955,1,85
1956,1,76
1957,1,66
1958,1,86
1959,1,100
1960,1,96
1961,1,98
1962,1,94
1963,1,63
1964,1,95
1965,1,66
1966,1,81
1967,1,85
1968,1,93
1969,1,98
1970,1,89
1971,1,87
1972,1,91
1973,1,85
1974,1,92
1975,1,83
1976,1,94
1977,1,91
1978,1,82
1979,1,100
1980,1,83
1981,1,90
1982,1,91
1983,1,90
1984,1,75
1985,1,98
1986,1,87
1987,1,99
1988,1,72
1989,1,91
1990,1,90
1991,1,83
1992,1,91
1993,1,77
1994,1,91
1995,1,93
1996,1,82
1997,1,99
1998,1,94
1999,1,87
2000,1,80
2001,1,92
2002,1,89
2003,1,82
2004,1,83
2005,1,92
2006,1,73
2007,1,101
2008,1,97
2009,1,75
2010,1,101
2011,1,95
2012,1,87
2013,1,80
2014,1,83
2015,1,78
2016,1,86
2017,1,109
2018,1,99
2019,1,104
2020,1,96
1941,2,87
1942,2,84
1943,2,74
1944,2,94
1945,2,105
1946,2,86
1947,2,95
1948,2,83
1949,2,91
1950,2,82
1951,2,81
1952,2,96
1953,2,98
1954,2,73
1955,2,68
1956,2,87
1957,2,77
1958,2,85
1959,2,91
1960,2,76
1961,2,107
1962,2,90
1963,2,99
1964,2,85
1965,2,92
1966,2,86
1967,2,90
1968,2,91
1969,2,95
1970,2,89
1971,2,65
1972,2,81
1973,2,95
1974,2,90
1975,2,77
1976,2,94
1977,2,96
1978,2,78
1979,2,86
1980,2,86
1981,2,72
1982,2,86
1983,2,96
1984,2,85
1985,2,75
1986,2,89
1987,2,89
1988,2,109
1989,2,78
1990,2,84
1991,2,79
1992,2,90
1993,2,83
1994,2,85
1995,2,74
1996,2,92
1997,2,79
1998,2,89
1999,2,93
2000,2,89
2001,2,96
2002,2,97
2003,2,79
2004,2,107
2005,2,81
2006,2,101
2007,2,96
2008,2,80
2009,2,86
2010,2,93
2011,2,77
2012,2,81
2013,2,90
2014,2,96
2015,2,93
2016,2,86
2017,2,98
2018,2,98
2019,2,78
2020,2,103
1941,3,84
1942,3,82
1943,3,92
1944,3,73
1945,3,93
1946,3,94
1947,3,96
1948,3,93
1949,3,77
1950,3,96
1951,3,89
1952,3,77
1953,3,92
1954,3,98
1955,3,77
1956,3,77
1957,3,92
1958,3,77
1959,3,89
1960,3,77
1961,3,96
1962,3,80
1963,3,84
1964,3,90
1965,3,89
1966,3,77
1967,3,83
1968,3,108
1969,3,100
1970,3,87
1971,3,91
1972,3,78
1973,3,96
1974,3,100
1975,3,89
1976,3,97
1977,3,89
1978,3,93
1979,3,92
1980,3,98
1981,3,86
1982,3,85
1983,3,84
1984,3,103
1985,3,89
1986,3,76
1987,3,81
1988,3,100
1989,3,78
1990,3,101
1991,3,80
1992,3,97
1993,3,77
1994,3,84
1995,3,82
1996,3,90
1997,3,104
1998,3,82
1999,3,94
2000,3,96
2001,3,77
2002,3,89
2003,3,97
2004,3,95
2005,3,90
2006,3,92
2007,3,89
2008,3,85
2009,3,91
2010,3,76
2011,3,81
2012,3,95
2013,3,90
2014,3,85
2015,3,81
2016,3,81
2017,3,99
2018,3,90
2019,3,85
2020,3,71
1941,4,104
1942,4,93
1943,4,95
1944,4,79
1945,4,79
1946,4,84
1947,4,91
1948,4,91
1949,4,85
1950,4,106
1951,4,89
1952,4,68
1953,4,97
1954,4,86
1955,4,85
1956,4,82
1957,4,92
1958,4,83
1959,4,85
1960,4,97
1961,4,73
1962,4,87
1963,4,85
1964,4,101
1965,4,83
1966,4,84
1967,4,89
1968,4,96
1969,4,91
1970,4,74
1971,4,89
1972,4,90
1973,4,86
1974,4,92
1975,4,86
1976,4,86
1977,4,74
1978,4,79
1979,4,89
1980,4,94
1981,4,94
1982,4,65
1983,4,81
1984,4,93
1985,4,85
1986,4,84
1987,4,89
1988,4,74
1989,4,66
1990,4,102
1991,4,94
1992,4,82
1993,4,97
1994,4,76
1995,4,83
1996,4,93
1997,4,79
1998,4,87
1999,4,101
2000,4,91
2001,4,85
2002,4,87
2003,4,86
2004,4,82
2005,4,97
2006,4,98
2007,4,77
2008,4,82
2009,4,90
2010,4,90
2011,4,105
2012,4,89
2013,4,92
2014,4,85
2015,4,94
2016,4,99
2017,4,86
2018,4,78
2019,4,81
2020,4,85
1941,5,100
1942,5,100
1943,5,86
1944,5,95
1945,5,95
1946,5,92
1947,5,96
1948,5,82
1949,5,80
1950,5,81
1951,5,89
1952,5,76
1953,5,92
1954,5,103
1955,5,101
1956,5,81
1957,5,96
1958,5,96
1959,5,78
1960,5,90
1961,5,101
1962,5,93
1963,5,87
1964,5,96
1965,5,83
1966,5,87
1967,5,89
1968,5,80
1969,5,92
1970,5,76
1971,5,90
1972,5,101
1973,5,91
1974,5,85
1975,5,103
1976,5,97
1977,5,84
1978,5,101
1979,5,85
1980,5,100
1981,5,86
1982,5,91
1983,5,94
1984,5,77
1985,5,79
1986,5,100
1987,5,83
1988,5,80
1989,5,86
1990,5,86
1991,5,92
1992,5,81
1993,5,83
1994,5,85
1995,5,71
1996,5,110
1997,5,93
1998,5,90
1999,5,86
2000,5,91
2001,5,100
2002,5,78
2003,5,96
2004,5,85
2005,5,101
2006,5,82
2007,5,94
2008,5,91
2009,5,96
2010,5,94
2011,5,89
2012,5,93
2013,5,67
2014,5,91
2015,5,90
2016,5,94
2017,5,76
2018,5,98
2019,5,91
2020,5,96
1941,6,80
1942,6,74
1943,6,84
1944,6,76
1945,6,82
1946,6,78
1947,6,78
1948,6,85
1949,6,70
1950,6,92
1951,6,94
1952,6,96
1953,6,83
1954,6,90
1955,6,76
1956,6,98
1957,6,108
1958,6,84
1959,6,92
1960,6,93
1961,6,71
1962,6,99
1963,6,81
1964,6,96
1965,6,101
1966,6,80
1967,6,94
1968,6,84
1969,6,100
1970,6,92
1971,6,83
1972,6,81
1973,6,96
1974,6,97
1975,6,101
1976,6,92
1977,6,89
1978,6,102
1979,6,86
1980,6,90
1981,6,76
1982,6,92
1983,6,94
1984,6,81
1985,6,90
1986,6,84
1987,6,89
1988,6,93
1989,6,80
1990,6,89
1991,6,93
1992,6,92
1993,6,78
1994,6,105
1995,6,87
1996,6,93
1997,6,90
1998,6,94
1999,6,102
2000,6,86
2001,6,87
2002,6,94
2003,6,94
2004,6,72
2005,6,99
2006,6,89
2007,6,101
2008,6,85
2009,6,84
2010,6,96
2011,6,98
2012,6,91
2013,6,106
2014,6,97
2015,6,101
2016,6,90
2017,6,97
2018,6,84
2019,6,93
2020,6,104
1941,7,91
1942,7,89
1943,7,80
1944,7,104
1945,7,83
1946,7,91
1947,7,79
1948,7,77
1949,7,90
1950,7,97
1951,7,102
1952,7,78
1953,7,98
1954,7,87
1955,7,82
1956,7,85
1957,7,90
1958,7,81
1959,7,100
1960,7,77
1961,7,80
1962,7,91
1963,7,97
1964,7,89
1965,7,79
1966,7,82
1967,7,97
1968,7,92
1969,7,92
1970,7,93
1971,7,72
1972,7,77
1973,7,89
1974,7,80
1975,7,89
1976,7,99
1977,7,97
1978,7,89
1979,7,93
1980,7,83
1981,7,104
1982,7,84
1983,7,74
1984,7,89
1985,7,83
1986,7,76
1987,7,81
1988,7,80
1989,7,91
1990,7,89
1991,7,94
1992,7,77
1993,7,91
1994,7,89
1995,7,79
1996,7,94
1997,7,76
1998,7,85
1999,7,85
2000,7,81
2001,7,80
2002,7,78
2003,7,93
2004,7,83
2005,7,83
2006,7,96
2007,7,90
2008,7,74
2009,7,82
2010,7,85
2011,7,94
2012,7,79
2013,7,86
2014,7,84
2015,7,77
2016,7,77
2017,7,81
2018,7,92
2019,7,98
2020,7,80
1941,8,91
1942,8,85
1943,8,106
1944,8,84
1945,8,81
1946,8,87
1947,8,93
1948,8,97
1949,8,74
1950,8,92
1951,8,98
1952,8,90
1953,8,84
1954,8,102
1955,8,80
1956,8,80
1957,8,101
1958,8,91
1959,8,99
1960,8,81
1961,8,96
1962,8,99
1963,8,85
1964,8,85
1965,8,82
1966,8,87
1967,8,69
1968,8,97
1969,8,87
1970,8,93
1971,8,90
1972,8,87
1973,8,93
1974,8,79
1975,8,79
1976,8,102
1977,8,76
1978,8,86
1979,8,99
1980,8,85
1981,8,102
1982,8,97
1983,8,93
1984,8,81
1985,8,90
1986,8,82
1987,8,82
1988,8,81
1989,8,85
1990,8,94
1991,8,79
1992,8,101
1993,8,83
1994,8,96
1995,8,95
1996,8,96
1997,8,85
1998,8,92
1999,8,89
2000,8,94
2001,8,87
2002,8,98
2003,8,83
2004,8,85
2005,8,81
2006,8,97
2007,8,92
2008,8,80
2009,8,98
2010,8,97
2011,8,89
2012,8,81
2013,8,76
2014,8,87
2015,8,82
2016,8,83
2017,8,91
2018,8,91
2019,8,92
2020,8,86
1941,9,75
1942,9,90
1943,9,90
1944,9,96
1945,9,94
1946,9,83
1947,9,75
1948,9,87
1949,9,83
1950,9,83
1951,9,93
1952,9,94
1953,9,116
1954,9,91
1955,9,89
1956,9,75
1957,9,63
1958,9,81
1959,9,84
1960,9,104
1961,9,99
1962,9,82
1963,9,87
1964,9,86
1965,9,95
1966,9,87
1967,9,99
1968,9,97
1969,9,104
1970,9,83
1971,9,81
1972,9,90
1973,9,84
1974,9,94
1975,9,93
1976,9,96
1977,9,90
1978,9,102
1979,9,95
1980,9,76
1981,9,93
1982,9,93
1983,9,60
1984,9,106
1985,9,86
1986,9,67
1987,9,99
1988,9,89
1989,9,87
1990,9,92
1991,9,97
1992,9,100
1993,9,80
1994,9,84
1995,9,98
1996,9,76
1997,9,82
1998,9,97
1999,9,81
2000,9,110
2001,9,91
2002,9,89
2003,9,86
2004,9,78
2005,9,85
2006,9,79
2007,9,104
2008,9,80
2009,9,80
2010,9,101
2011,9,80
2012,9,84
2013,9,85
2014,9,78
2015,9,105
2016,9,90
2017,9,81
2018,9,82
2019,9,85
2020,9,93
1941,10,97
1942,10,99
1943,10,72
1944,10,85
1945,10,82
1946,10,83
1947,10,76
1948,10,86
1949,10,84
1950,10,80
1951,10,83
1952,10,69
1953,10,96
1954,10,82
1955,10,91
1956,10,89
1957,10,78
1958,10,111
1959,10,94
1960,10,86
1961,10,89
1962,10,77
1963,10,107
1964,10,95
1965,10,93
1966,10,94
1967,10,97
1968,10,103
1969,10,80
1970,10,93
1971,10,97
1972,10,94
1973,10,70
1974,10,68
1975,10,92
1976,10,81
1977,10,84
1978,10,73
1979,10,91
1980,10,82
1981,10,97
1982,10,103
1983,10,106
1984,10,92
1985,10,83
1986,10,91
1987,10,87
1988,10,87
1989,10,84
1990,10,95
1991,10,89
1992,10,85
1993,10,91
1994,10,81
1995,10,83
1996,10,84
1997,10,90
1998,10,97
1999,10,90
2000,10,94
2001,10,89
2002,10,91
2003,10,99
2004,10,83
2005,10,83
2006,10,96
2007,10,96
2008,10,87
2009,10,92
2010,10,89
2011,10,90
2012,10,99
2013,10,89
2014,10,86
2015,10,69
2016,10,94
2017,10,71
2018,10,101
2019,10,85
2020,10,78
1941,11,101
1942,11,84
1943,11,98
1944,11,82
1945,11,89
1946,11,80
1947,11,87
1948,11,96
1949,11,73
1950,11,83
1951,11,75
1952,11,106
1953,11,97
1954,11,107
1955,11,86
1956,11,75
1957,11,80
1958,11,86
1959,11,85
1960,11,94
1961,11,91
1962,11,99
1963,11,95
1964,11,79
1965,11,81
1966,11,79
1967,11,87
1968,11,79
1969,11,104
1970,11,95
1971,11,82
1972,11,105
1973,11,83
1974,11,83
1975,11,104
1976,11,78
1977,11,89
1978,11,95
1979,11,96
1980,11,91
1981,11,90
1982,11,85
1983,11,87
1984,11,84
1985,11,98
1986,11,100
1987,11,78
1988,11,99
1989,11,93
1990,11,95
1991,11,108
1992,11,101
1993,11,82
1994,11,102
1995,11,96
1996,11,77
1997,11,89
1998,11,91
1999,11,85
2000,11,104
2001,11,87
2002,11,89
2003,11,86
2004,11,101
2005,11,86
2006,11,79
2007,11,78
2008,11,85
2009,11,82
2010,11,92
2011,11,83
2012,11,100
2013,11,94
2014,11,96
2015,11,111
2016,11,96
2017,11,78
2018,11,105
2019,11,92
2020,11,92
1941,12,95
1942,12,95
1943,12,90
1944,12,83
1945,12,92
1946,12,83
1947,12,86
1948,12,93
1949,12,102
1950,12,79
1951,12,96
1952,12,86
1953,12,87
1954,12,96
1955,12,85
1956,12,89
1957,12,75
1958,12,92
1959,12,89
1960,12,66
1961,12,96
1962,12,97
1963,12,89
1964,12,80
1965,12,98
1966,12,84
1967,12,91
1968,12,87
1969,12,92
1970,12,91
1971,12,79
1972,12,82
1973,12,79
1974,12,90
1975,12,82
1976,12,94
1977,12,84
1978,12,92
1979,12,94
1980,12,85
1981,12,72
1982,12,83
1983,12,72
1984,12,102
1985,12,75
1986,12,85
1987,12,85
1988,12,93
1989,12,72
1990,12,105
1991,12,80
1992,12,93
1993,12,85
1994,12,87
1995,12,89
1996,12,100
1997,12,91
1998,12,79
1999,12,83
2000,12,89
2001,12,77
2002,12,89
2003,12,93
2004,12,77
2005,12,98
2006,12,81
2007,12,72
2008,12,71
2009,12,83
2010,12,104
2011,12,77
2012,12,108
2013,12,81
2014,12,83
2015,12,83
2016,12,92
2017,12,90
2018,12,87
2019,12,87
2020,12,100
1941,13,95
1942,13,96
1943,13,98
1944,13,93
1945,13,83
1946,13,90
1947,13,83
1948,13,87
1949,13,76
1950,13,91
1951,13,107
1952,13,89
1953,13,98
1954,13,82
1955,13,73
1956,13,93
1957,13,71
1958,13,98
1959,13,102
1960,13,96
1961,13,91
1962,13,97
1963,13,70
1964,13,109
1965,13,94
1966,13,86
1967,13,105
1968,13,66
1969,13,84
1970,13,89
1971,13,82
1972,13,83
1973,13,96
1974,13,85
1975,13,101
1976,13,81
1977,13,93
1978,13,91
1979,13,86
1980,13,92
1981,13,86
1982,13,101
1983,13,102
1984,13,76
1985,13,89
1986,13,78
1987,13,61
1988,13,82
1989,13,91
1990,13,84
1991,13,100
1992,13,99
1993,13,84
1994,13,85
1995,13,77
1996,13,93
1997,13,83
1998,13,97
1999,13,80
2000,13,82
2001,13,85
2002,13,103
2003,13,93
2004,13,103
2005,13,85
2006,13,85
2007,13,84
2008,13,75
2009,13,83
2010,13,85
2011,13,96
2012,13,94
2013,13,79
2014,13,101
2015,13,82
2016,13,76
2017,13,91
2018,13,86
2019,13,79
2020,13,101
1941,14,89
1942,14,76
1943,14,91
1944,14,79
1945,14,97
1946,14,85
1947,14,87
1948,14,87
1949,14,94
1950,14,98
1951,14,82
1952,14,92
1953,14,102
1954,14,97
1955,14,94
1956,14,92
1957,14,97
1958,14,102
1959,14,95
1960,14,83
1961,14,96
1962,14,77
1963,14,93
1964,14,83
1965,14,108
1966,14,76
1967,14,75
1968,14,69
1969,14,91
1970,14,93
1971,14,90
1972,14,93
1973,14,78
1974,14,91
1975,14,99
1976,14,86
1977,14,109
1978,14,77
1979,14,81
1980,14,79
1981,14,94
1982,14,80
1983,14,95
1984,14,72
1985,14,85
1986,14,83
1987,14,83
1988,14,94
1989,14,89
1990,14,93
1991,14,101
1992,14,90
1993,14,90
1994,14,90
1995,14,65
1996,14,92
1997,14,93
1998,14,78
1999,14,107
2000,14,104
2001,14,74
2002,14,97
2003,14,91
2004,14,93
2005,14,85
2006,14,82
2007,14,83
2008,14,89
2009,14,85
2010,14,99
2011,14,102
2012,14,85
2013,14,90
2014,14,91
2015,14,103
2016,14,82
2017,14,105
2018,14,90
2019,14,87
2020,14,79
1941,15,96
1942,15,81
1943,15,106
1944,15,73
1945,15,80
1946,15,93
1947,15,85
1948,15,87
1949,15,92
1950,15,91
1951,15,99
1952,15,97
1953,15,91
1954,15,85
1955,15,79
1956,15,80
1957,15,100
1958,15,86
1959,15,76
1960,15,92
1961,15,98
1962,15,97
1963,15,87
1964,15,95
1965,15,97
1966,15,82
1967,15,83
1968,15,92
1969,15,93
1970,15,99
1971,15,74
1972,15,78
1973,15,76
1974,15,77
1975,15,87
1976,15,83
1977,15,84
1978,15,81
1979,15,83
1980,15,96
1981,15,86
1982,15,77
1983,15,96
1984,15,82
1985,15,79
1986,15,103
1987,15,91
1988,15,86
1989,15,93
1990,15,100
1991,15,98
1992,15,82
1993,15,100
1994,15,69
1995,15,76
1996,15,93
1997,15,92
1998,15,79
1999,15,105
2000,15,102
2001,15,93
2002,15,92
2003,15,99
2004,15,93
2005,15,93
2006,15,91
2007,15,94
2008,15,85
2009,15,91
2010,15,91
2011,15,78
2012,15,105
2013,15,74
2014,15,85
2015,15,77
2016,15,103
2017,15,94
2018,15,91
2019,15,89
2020,15,102
1941,16,94
1942,16,80
1943,16,89
1944,16,98
1945,16,101
1946,16,93
1947,16,90
1948,16,92
1949,16,85
1950,16,89
1951,16,77
1952,16,92
1953,16,80
1954,16,95
1955,16,80
1956,16,87
1957,16,102
1958,16,86
1959,16,83
1960,16,104
1961,16,87
1962,16,80
1963,16,94
1964,16,108
1965,16,82
1966,16,84
1967,16,87
1968,16,98
1969,16,100
1970,16,84
1971,16,97
1972,16,84
1973,16,107
1974,16,103
1975,16,84
1976,16,95
1977,16,85
1978,16,90
1979,16,97
1980,16,93
1981,16,76
1982,16,92
1983,16,98
1984,16,115
1985,16,90
1986,16,89
1987,16,92
1988,16,99
1989,16,91
1990,16,84
1991,16,109
1992,16,102
1993,16,70
1994,16,93
1995,16,81
1996,16,76
1997,16,85
1998,16,86
1999,16,66
2000,16,94
2001,16,81
2002,16,94
2003,16,106
2004,16,85
2005,16,116
2006,16,91
2007,16,82
2008,16,100
2009,16,76
2010,16,98
2011,16,92
2012,16,86
2013,16,91
2014,16,100
2015,16,92
2016,16,81
2017,16,73
2018,16,87
2019,16,98
2020,16,86
1941,17,94
1942,17,92
1943,17,94
1944,17,85
1945,17,64
1946,17,104
1947,17,93
1948,17,77
1949,17,87
1950,17,75
1951,17,83
1952,17,84
1953,17,89
1954,17,100
1955,17,93
1956,17,93
1957,17,79
1958,17,84
1959,17,73
1960,17,93
1961,17,61
1962,17,80
1963,17,80
1964,17,98
1965,17,85
1966,17,83
1967,17,84
1968,17,92
1969,17,92
1970,17,74
1971,17,81
1972,17,85
1973,17,91
1974,17,91
1975,17,87
1976,17,82
1977,17,87
1978,17,84
1979,17,106
1980,17,100
1981,17,104
1982,17,95
1983,17,92
1984,17,91
1985,17,83
1986,17,98
1987,17,66
1988,17,80
1989,17,108
1990,17,97
1991,17,85
1992,17,106
1993,17,100
1994,17,79
1995,17,103
1996,17,90
1997,17,76
1998,17,83
1999,17,92
2000,17,85
2001,17,95
2002,17,84
2003,17,94
2004,17,99
2005,17,93
2006,17,75
2007,17,86
2008,17,96
2009,17,93
2010,17,78
2011,17,85
2012,17,90
2013,17,76
2014,17,106
2015,17,106
2016,17,90
2017,17,75
2018,17,82
2019,17,92
2020,17,91
1941,18,86
1942,18,76
1943,18,85
1944,18,92
1945,18,79
1946,18,84
1947,18,87
1948,18,87
1949,18,97
1950,18,90
1951,18,78
1952,18,102
1953,18,80
1954,18,92
1955,18,86
1956,18,92
1957,18,99
1958,18,90
1959,18,82
1960,18,76
1961,18,98
1962,18,85
1963,18,89
1964,18,97
1965,18,95
1966,18,91
1967,18,95
1968,18,85
1969,18,87
1970,18,87
1971,18,92
1972,18,83
1973,18,100
1974,18,92
1975,18,92
1976,18,101
1977,18,100
1978,18,92
1979,18,78
1980,18,89
1981,18,102
1982,18,81
1983,18,98
1984,18,85
1985,18,90
1986,18,80
1987,18,104
1988,18,81
1989,18,87
1990,18,93
1991,18,96
1992,18,91
1993,18,100
1994,18,77
1995,18,82
1996,18,91
1997,18,83
1998,18,100
1999,18,101
2000,18,81
2001,18,93
2002,18,89
2003,18,69
2004,18,83
2005,18,102
2006,18,71
2007,18,87
2008,18,70
2009,18,95
2010,18,85
2011,18,95
2012,18,91
2013,18,72
2014,18,81
2015,18,78
2016,18,95
2017,18,87
2018,18,92
2019,18,82
2020,18,80
1941,19,100
1942,19,81
1943,19,102
1944,19,83
1945,19,84
1946,19,96
1947,19,86
1948,19,73
1949,19,95
1950,19,97
1951,19,82
1952,19,96
1953,19,101
1954,19,87
1955,19,94
1956,19,78
1957,19,80
1958,19,93
1959,19,85
1960,19,89
1961,19,69
1962,19,98
1963,19,95
1964,19,93
1965,19,76
1966,19,80
1967,19,82
1968,19,81
1969,19,104
1970,19,97
1971,19,74
1972,19,81
1973,19,95
1974,19,90
1975,19,97
1976,19,85
1977,19,101
1978,19,87
1979,19,72
1980,19,89
1981,19,93
1982,19,76
1983,19,93
1984,19,83
1985,19,86
1986,19,91
1987,19,68
1988,19,94
1989,19,100
1990,19,99
1991,19,112
1992,19,94
1993,19,97
1994,19,80
1995,19,99
1996,19,85
1997,19,76
1998,19,105
1999,19,76
2000,19,87
2001,19,87
2002,19,79
2003,19,89
2004,19,84
2005,19,76
2006,19,82
2007,19,97
2008,19,93
2009,19,73
2010,19,102
2011,19,97
2012,19,92
2013,19,87
2014,19,86
2015,19,105
2016,19,96
2017,19,84
2018,19,79
2019,19,81
2020,19,95
1941,20,102
1942,20,81
1943,20,90
1944,20,84
1945,20,93
1946,20,83
1947,20,93
1948,20,94
1949,20,92
1950,20,86
1951,20,82
1952,20,89
1953,20,91
1954,20,79
1955,20,83
1956,20,78
1957,20,87
1958,20,80
1959,20,101
1960,20,69
1961,20,86
1962,20,92
1963,20,84
1964,20,85
1965,20,81
1966,20,87
1967,20,76
1968,20,80
1969,20,80
1970,20,96
1971,20,86
1972,20,92
1973,20,86
1974,20,94
1975,20,89
1976,20,93
1977,20,101
1978,20,86
1979,20,89
1980,20,106
1981,20,97
1982,20,103
1983,20,92
1984,20,94
1985,20,83
1986,20,85
1987,20,90
1988,20,98
1989,20,87
1990,20,78
1991,20,95
1992,20,105
1993,20,78
1994,20,71
1995,20,84
1996,20,82
1997,20,98
1998,20,84
1999,20,81
2000,20,84
2001,20,91
2002,20,95
2003,20,86
2004,20,80
2005,20,96
2006,20,99
2007,20,93
2008,20,100
2009,20,105
2010,20,83
2011,20,83
2012,20,62
2013,20,96
2014,20,68
2015,20,91
2016,20,85
2017,20,83
2018,20,72
2019,20,92
2020,20,87
1941,21,73
1942,21,77
1943,21,83
1944,21,84
1945,21,89
1946,21,94
1947,21,99
1948,21,105
1949,21,91
1950,21,89
1951,21,81
1952,21,97
1953,21,96
1954,21,91
1955,21,80
1956,21,94
1957,21,78
1958,21,76
1959,21,87
1960,21,87
1961,21,80
1962,21,82
1963,21,85
1964,21,87
1965,21,91
1966,21,85
1967,21,98
1968,21,84
1969,21,86
1970,21,95
1971,21,80
1972,21,91
1973,21,89
1974,21,89
1975,21,90
1976,21,99
1977,21,73
1978,21,87
1979,21,100
1980,21,80
1981,21,95
1982,21,85
1983,21,99
1984,21,89
1985,21,86
1986,21,85
1987,21,76
1988,21,101
1989,21,81
1990,21,81
1991,21,90
1992,21,96
1993,21,92
1994,21,78
1995,21,98
1996,21,95
1997,21,96
1998,21,76
1999,21,95
2000,21,96
2001,21,72
2002,21,94
2003,21,82
2004,21,91
2005,21,91
2006,21,94
2007,21,110
2008,21,79
2009,21,110
2010,21,104
2011,21,82
2012,21,86
2013,21,89
2014,21,93
2015,21,92
2016,21,86
2017,21,99
2018,21,92
2019,21,86
2020,21,81
1941,22,71
1942,22,80
1943,22,81
1944,22,77
1945,22,86
1946,22,108
1947,22,81
1948,22,73
1949,22,84
1950,22,84
1951,22,96
1952,22,103
1953,22,96
1954,22,83
1955,22,94
1956,22,81
1957,22,84
1958,22,90
1959,22,85
1960,22,91
1961,22,79
1962,22,109
1963,22,85
1964,22,95
1965,22,108
1966,22,95
1967,22,93
1968,22,86
1969,22,96
1970,22,91
1971,22,95
1972,22,86
1973,22,86
1974,22,85
1975,22,81
1976,22,102
1977,22,82
1978,22,89
1979,22,105
1980,22,101
1981,22,93
1982,22,77
1983,22,98
1984,22,87
1985,22,91
1986,22,103
1987,22,94
1988,22,87
1989,22,75
1990,22,85
1991,22,97
1992,22,105
1993,22,99
1994,22,83
1995,22,76
1996,22,96
1997,22,93
1998,22,87
1999,22,73
2000,22,89
2001,22,87
2002,22,86
2003,22,90
2004,22,105
2005,22,101
2006,22,94
2007,22,96
2008,22,97
2009,22,102
2010,22,85
2011,22,95
2012,22,78
2013,22,92
2014,22,86
2015,22,97
2016,22,98
2017,22,84
2018,22,83
2019,22,94
2020,22,102
1941,23,79
1942,23,99
1943,23,120
1944,23,100
1945,23,92
1946,23,84
1947,23,73
1948,23,106
1949,23,76
1950,23,87
1951,23,91
1952,23,77
1953,23,92
1954,23,68
1955,23,75
1956,23,78
1957,23,85
1958,23,79
1959,23,91
1960,23,108
1961,23,92
1962,23,76
1963,23,94
1964,23,75
1965,23,68
1966,23,91
1967,23,84
1968,23,98
1969,23,82
1970,23,89
1971,23,85
1972,23,87
1973,23,78
1974,23,114
1975,23,87
1976,23,85
1977,23,97
1978,23,98
1979,23,96
1980,23,87
1981,23,90
1982,23,97
1983,23,92
1984,23,92
1985,23,78
1986,23,100
1987,23,90
1988,23,100
1989,23,91
1990,23,91
1991,23,99
1992,23,87
1993,23,102
1994,23,77
1995,23,92
1996,23,90
1997,23,89
1998,23,89
1999,23,84
2000,23,90
2001,23,81
2002,23,91
2003,23,85
2004,23,105
2005,23,92
2006,23,84
2007,23,70
2008,23,96
2009,23,86
2010,23,81
2011,23,86
2012,23,91
2013,23,83
2014,23,89
2015,23,99
2016,23,81
2017,23,87
2018,23,89
2019,23,104
2020,23,89
1941,24,91
1942,24,89
1943,24,76
1944,24,89
1945,24,80
1946,24,90
1947,24,85
1948,24,80
1949,24,79
1950,24,95
1951,24,100
1952,24,89
1953,24,78
1954,24,103
1955,24,93
1956,24,84
1957,24,92
1958,24,77
1959,24,86
1960,24,83
1961,24,93
1962,24,86
1963,24,85
1964,24,92
1965,24,92
1966,24,79
1967,24,87
1968,24,76
1969,24,89
1970,24,93
1971,24,85
1972,24,94
1973,24,101
1974,24,103
1975,24,76
1976,24,114
1977,24,85
1978,24,93
1979,24,84
1980,24,81
1981,24,107
1982,24,87
1983,24,85
1984,24,78
1985,24,93
1986,24,73
1987,24,92
1988,24,99
1989,24,86
1990,24,103
1991,24,90
1992,24,79
1993,24,98
1994,24,97
1995,24,81
1996,24,78
1997,24,86
1998,24,102
1999,24,99
2000,24,95
2001,24,97
2002,24,83
2003,24,96
2004,24,85
2005,24,93
2006,24,84
2007,24,90
2008,24,81
2009,24,83
2010,24,78
2011,24,94
2012,24,107
2013,24,85
2014,24,100
2015,24,106
2016,24,87
2017,24,92
2018,24,95
2019,24,87
2020,24,83
1941,25,85
1942,25,89
1943,25,105
1944,25,81
1945,25,68
1946,25,105
1947,25,90
1948,25,67
1949,25,93
1950,25,80
1951,25,73
1952,25,98
1953,25,93
1954,25,102
1955,25,94
1956,25,85
1957,25,84
1958,25,105
1959,25,85
1960,25,83
1961,25,76
1962,25,85
1963,25,83
1964,25,101
1965,25,94
1966,25,82
1967,25,92
1968,25,81
1969,25,82
1970,25,99
1971,25,101
1972,25,90
1973,25,94
1974,25,75
1975,25,89
1976,25,79
1977,25,89
1978,25,93
1979,25,90
1980,25,90
1981,25,98
1982,25,91
1983,25,79
1984,25,95
1985,25,97
1986,25,75
1987,25,90
1988,25,92
1989,25,92
1990,25,80
1991,25,76
1992,25,97
1993,25,70
1994,25,95
1995,25,92
1996,25,83
1997,25,84
1998,25,92
1999,25,76
2000,25,101
2001,25,80
2002,25,76
2003,25,82
2004,25,96
2005,25,79
2006,25,74
2007,25,97
2008,25,81
2009,25,93
2010,25,92
2011,25,76
2012,25,90
2013,25,87
2014,25,84
2015,25,90
2016,25,95
2017,25,84
2018,25,83
2019,25,90
2020,25,80
1941,26,71
1942,26,77
1943,26,86
1944,26,84
1945,26,102
1946,26,93
1947,26,89
1948,26,104
1949,26,95
1950,26,85
1951,26,81
1952,26,78
1953,26,78
1954,26,83
1955,26,77
1956,26,89
1957,26,90
1958,26,96
1959,26,87
1960,26,89
1961,26,90
1962,26,95
1963,26,75
1964,26,103
1965,26,84
1966,26,101
1967,26,93
1968,26,89
1969,26,83
1970,26,84
1971,26,79
1972,26,81
1973,26,89
1974,26,93
1975,26,89
1976,26,83
1977,26,96
1978,26,77
1979,26,89
1980,26,84
1981,26,83
1982,26,80
1983,26,78
1984,26,86
1985,26,76
1986,26,86
1987,26,89
1988,26,89
1989,26,80
1990,26,90
1991,26,78
1992,26,96
1993,26,86
1994,26,100
1995,26,79
1996,26,83
1997,26,91
1998,26,97
1999,26,77
2000,26,77
2001,26,97
2002,26,100
2003,26,81
2004,26,97
2005,26,86
2006,26,92
2007,26,75
2008,26,92
2009,26,95
2010,26,76
2011,26,79
2012,26,81
2013,26,87
2014,26,83
2015,26,90
2016,26,77
2017,26,87
2018,26,84
2019,26,100
2020,26,91
1941,27,78
1942,27,96
1943,27,93
1944,27,92
1945,27,87
1946,27,73
1947,27,95
1948,27,82
1949,27,89
1950,27,86
1951,27,99
1952,27,85
1953,27,85
1954,27,79
1955,27,75
1956,27,96
1957,27,85
1958,27,61
1959,27,91
1960,27,86
1961,27,94
1962,27,84
1963,27,93
1964,27,93
1965,27,87
1966,27,91
1967,27,90
1968,27,85
1969,27,94
1970,27,74
1971,27,92
1972,27,71
1973,27,90
1974,27,77
1975,27,101
1976,27,81
1977,27,93
1978,27,72
1979,27,89
1980,27,102
1981,27,76
1982,27,83
1983,27,78
1984,27,95
1985,27,100
1986,27,72
1987,27,91
1988,27,93
1989,27,79
1990,27,72
1991,27,103
1992,27,98
1993,27,89
1994,27,114
1995,27,103
1996,27,78
1997,27,100
1998,27,87
1999,27,87
2000,27,97
2001,27,107
2002,27,87
2003,27,83
2004,27,102
2005,27,83
2006,27,79
2007,27,94
2008,27,94
2009,27,75
2010,27,85
2011,27,93
2012,27,92
2013,27,94
2014,27,89
2015,27,98
2016,27,84
2017,27,90
2018,27,75
2019,27,112
2020,27,82
1941,28,89
1942,28,96
1943,28,99
1944,28,59
1945,28,90
1946,28,95
1947,28,73
1948,28,86
1949,28,106
1950,28,80
1951,28,93
1952,28,92
1953,28,84
1954,28,73
1955,28,93
1956,28,96
1957,28,87
1958,28,80
1959,28,80
1960,28,92
1961,28,81
1962,28,84
1963,28,83
1964,28,90
1965,28,90
1966,28,100
1967,28,90
1968,28,97
1969,28,79
1970,28,87
1971,28,82
1972,28,90
1973,28,87
1974,28,75
1975,28,81
1976,28,90
1977,28,83
1978,28,93
1979,28,79
1980,28,90
1981,28,79
1982,28,91
1983,28,102
1984,28,77
1985,28,89
1986,28,76
1987,28,85
1988,28,82
1989,28,74
1990,28,96
1991,28,77
1992,28,99
1993,28,86
1994,28,70
1995,28,71
1996,28,83
1997,28,99
1998,28,96
1999,28,74
2000,28,86
2001,28,87
2002,28,82
2003,28,91
2004,28,79
2005,28,76
2006,28,95
2007,28,80
2008,28,83
2009,28,108
2010,28,85
2011,28,79
2012,28,75
2013,28,111
2014,28,95
2015,28,78
2016,28,86
2017,28,81
2018,28,70
2019,28,97
2020,28,80
1941,29,81
1942,29,92
1943,29,93
1944,29,76
1945,29,92
1946,29,94
1947,29,77
1948,29,77
1949,29,82
1950,29,90
1951,29,100
1952,29,93
1953,29,77
1954,29,66
1955,29,92
1956,29,83
1957,29,84
1958,29,92
1959,29,93
1960,29,84
1961,29,82
1962,29,72
1963,29,84
1964,29,86
1965,29,80
1966,29,86
1967,29,73
1968,29,100
1969,29,86
1970,29,97
1971,29,87
1972,29,103
1973,29,92
1974,29,79
1975,29,89
1976,29,82
1977,29,101
1978,29,98
1979,29,77
1980,29,102
1981,29,87
1982,29,89
1983,29,92
1984,29,80
1985,29,90
1986,29,85
1987,29,84
1988,29,87
1989,29,78
1990,29,75
1991,29,96
1992,29,99
1993,29,81
1994,29,82
1995,29,82
1996,29,82
1997,29,68
1998,29,81
1999,29,79
2000,29,77
2001,29,93
2002,29,92
2003,29,95
2004,29,79
2005,29,89
2006,29,82
2007,29,94
2008,29,83
2009,29,100
2010,29,100
2011,29,99
2012,29,93
2013,29,100
2014,29,89
2015,29,83
2016,29,96
2017,29,87
2018,29,73
2019,29,98
2020,29,85
1941,30,78
1942,30,84
1943,30,102
1944,30,104
1945,30,74
1946,30,96
1947,30,89
1948,30,90
1949,30,101
1950,30,82
1951,30,77
1952,30,104
1953,30,78
1954,30,86
1955,30,102
1956,30,82
1957,30,86
1958,30,81
1959,30,98
1960,30,106
1961,30,82
1962,30,94
1963,30,100
1964,30,79
1965,30,73
1966,30,77
1967,30,82
1968,30,83
1969,30,96
1970,30,96
1971,30,79
1972,30,90
1973,30,104
1974,30,94
1975,30,100
1976,30,111
1977,30,90
1978,30,93
1979,30,84
1980,30,96
1981,30,90
1982,30,82
1983,30,93
1984,30,91
1985,30,98
1986,30,84
1987,30,77
1988,30,81
1989,30,97
1990,30,85
1991,30,76
1992,30,87
1993,30,73
1994,30,81
1995,30,79
1996,30,90
1997,30,91
1998,30,86
1999,30,98
2000,30,102
2001,30,94
2002,30,81
2003,30,81
2004,30,96
2005,30,83
2006,30,75
2007,30,69
2008,30,78
2009,30,86
2010,30,97
2011,30,76
2012,30,90
2013,30,63
2014,30,82
2015,30,82
2016,30,85
2017,30,76
2018,30,91
2019,30,78
2020,30,80
1941,31,97
1942,31,92
1943,31,87
1944,31,87
1945,31,89
1946,31,68
1947,31,88
1948,31,103
1949,31,84
1950,31,97
1951,31,102
1952,31,87
1953,31,95
1954,31,87
1955,31,89
1956,31,76
1957,31,86
1958,31,101
1959,31,82
1960,31,99
1961,31,90
1962,31,105
1963,31,96
1964,31,95
1965,31,88
1966,31,89
1967,31,101
1968,31,97
1969,31,99
1970,31,89
1971,31,70
1972,31,82
1973,31,89
1974,31,83
1975,31,105
1976,31,87
1977,31,75
1978,31,101
1979,31,85
1980,31,94
1981,31,93
1982,31,85
1983,31,89
1984,31,113
1985,31,93
1986,31,97
1987,31,78
1988,31,97
1989,31,91
1990,31,89
1991,31,94
1992,31,88
1993,31,104
1994,31,96
1995,31,96
1996,31,86
1997,31,101
1998,31,87
1999,31,84
2000,31,94
2001,31,93
2002,31,88
2003,31,88
2004,31,85
2005,31,92
2006,31,84
2007,31,81
2008,31,110
2009,31,91
2010,31,92
2011,31,97
2012,31,80
2013,31,79
2014,31,95
2015,31,94
2016,31,89
2017,31,94
2018,31,76
2019,31,82
2020,31,80
1941,32,92
1942,32,105
1943,32,95
1944,32,88
1945,32,94
1946,32,75
1947,32,80
1948,32,99
1949,32,83
1950,32,102
1951,32,87
1952,32,87
1953,32,101
1954,32,92
1955,32,93
1956,32,87
1957,32,108
1958,32,98
1959,32,93
1960,32,91
1961,32,92
1962,32,94
1963,32,85
1964,32,87
1965,32,92
1966,32,87
1967,32,89
1968,32,85
1969,32,87
1970,32,82
1971,32,106
1972,32,93
1973,32,97
1974,32,88
1975,32,101
1976,32,84
1977,32,101
1978,32,77
1979,32,89
1980,32,104
1981,32,92
1982,32,85
1983,32,97
1984,32,93
1985,32,91
1986,32,97
1987,32,93
1988,32,101
1989,32,103
1990,32,94
1991,32,103
1992,32,97
1993,32,95
1994,32,96
1995,32,88
1996,32,87
1997,32,83
1998,32,101
1999,32,82
2000,32,101
2001,32,96
2002,32,86
2003,32,79
2004,32,97
2005,32,96
2006,32,103
2007,32,74
2008,32,91
2009,32,95
2010,32,84
2011,32,110
2012,32,100
2013,32,94
2014,32,104
2015,32,82
2016,32,101
2017,32,92
2018,32,84
2019,32,87
2020,32,90
1941,33,97
1942,33,84
1943,33,87
1944,33,87
1945,33,87
1946,33,101
1947,33,81
1948,33,101
1949,33,79
1950,33,63
1951,33,101
1952,33,85
1953,33,86
1954,33,102
1955,33,87
1956,33,95
1957,33,86
1958,33,96
1959,33,85
1960,33,89
1961,33,97
1962,33,101
1963,33,95
1964,33,87
1965,33,85
1966,33,70
1967,33,83
1968,33,104
1969,33,103
1970,33,97
1971,33,76
1972,33,105
1973,33,100
1974,33,90
1975,33,84
1976,33,85
1977,33,85
1978,33,86
1979,33,97
1980,33,89
1981,33,101
1982,33,72
1983,33,97
1984,33,96
1985,33,85
1986,33,99
1987,33,87
1988,33,76
1989,33,90
1990,33,98
1991,33,100
1992,33,104
1993,33,99
1994,33,88
1995,33,95
1996,33,98
1997,33,78
1998,33,99
1999,33,78
2000,33,99
2001,33,97
2002,33,90
2003,33,91
2004,33,89
2005,33,93
2006,33,103
2007,33,95
2008,33,91
2009,33,100
2010,33,75
2011,33,112
2012,33,101
2013,33,69
2014,33,106
2015,33,92
2016,33,89
2017,33,101
2018,33,91
2019,33,89
2020,33,93
1941,34,81
1942,34,89
1943,34,84
1944,34,92
1945,34,90
1946,34,101
1947,34,91
1948,34,96
1949,34,83
1950,34,98
1951,34,88
1952,34,74
1953,34,92
1954,34,75
1955,34,96
1956,34,98
1957,34,94
1958,34,95
1959,34,82
1960,34,101
1961,34,89
1962,34,79
1963,34,82
1964,34,92
1965,34,103
1966,34,91
1967,34,90
1968,34,86
1969,34,81
1970,34,96
1971,34,83
1972,34,90
1973,34,80
1974,34,98
1975,34,86
1976,34,99
1977,34,80
1978,34,94
1979,34,96
1980,34,87
1981,34,86
1982,34,95
1983,34,88
1984,34,94
1985,34,97
1986,34,88
1987,34,91
1988,34,99
1989,34,102
1990,34,88
1991,34,99
1992,34,91
1993,34,89
1994,34,90
1995,34,85
1996,34,87
1997,34,77
1998,34,90
1999,34,91
2000,34,103
2001,34,91
2002,34,81
2003,34,86
2004,34,77
2005,34,95
2006,34,90
2007,34,106
2008,34,93
2009,34,103
2010,34,87
2011,34,92
2012,34,75
2013,34,87
2014,34,94
2015,34,97
2016,34,83
2017,34,96
2018,34,89
2019,34,88
2020,34,96
1941,35,84
1942,35,81
1943,35,101
1944,35,75
1945,35,105
1946,35,101
1947,35,74
1948,35,84
1949,35,79
1950,35,105
1951,35,88
1952,35,96
1953,35,108
1954,35,85
1955,35,107
1956,35,87
1957,35,98
1958,35,87
1959,35,105
1960,35,101
1961,35,82
1962,35,99
1963,35,90
1964,35,96
1965,35,96
1966,35,89
1967,35,96
1968,35,90
1969,35,94
1970,35,74
1971,35,87
1972,35,89
1973,35,93
1974,35,97
1975,35,87
1976,35,95
1977,35,96
1978,35,87
1979,35,97
1980,35,88
1981,35,83
1982,35,103
1983,35,87
1984,35,86
1985,35,94
1986,35,91
1987,35,82
1988,35,101
1989,35,86
1990,35,85
1991,35,89
1992,35,84
1993,35,96
1994,35,91
1995,35,72
1996,35,94
1997,35,101
1998,35,90
1999,35,89
2000,35,90
2001,35,87
2002,35,92
2003,35,84
2004,35,80
2005,35,95
2006,35,91
2007,35,90
2008,35,74
2009,35,78
2010,35,113
2011,35,91
2012,35,95
2013,35,90
2014,35,81
2015,35,83
2016,35,108
2017,35,95
2018,35,105
2019,35,86
2020,35,85
1941,36,106
1942,36,101
1943,36,97
1944,36,82
1945,36,83
1946,36,96
1947,36,87
1948,36,90
1949,36,90
1950,36,83
1951,36,82
1952,36,99
1953,36,106
1954,36,82
1955,36,87
1956,36,95
1957,36,101
1958,36,84
1959,36,91
1960,36,85
1961,36,90
1962,36,74
1963,36,94
1964,36,83
1965,36,101
1966,36,102
1967,36,65
1968,36,97
1969,36,104
1970,36,82
1971,36,107
1972,36,101
1973,36,81
1974,36,96
1975,36,99
1976,36,93
1977,36,97
1978,36,98
1979,36,94
1980,36,86
1981,36,85
1982,36,87
1983,36,101
1984,36,78
1985,36,98
1986,36,90
1987,36,82
1988,36,98
1989,36,87
1990,36,91
1991,36,90
1992,36,99
1993,36,82
1994,36,88
1995,36,87
1996,36,93
1997,36,109
1998,36,84
1999,36,82
2000,36,106
2001,36,96
2002,36,84
2003,36,101
2004,36,93
2005,36,83
2006,36,87
2007,36,94
2008,36,87
2009,36,87
2010,36,97
2011,36,75
2012,36,101
2013,36,100
2014,36,79
2015,36,100
2016,36,96
2017,36,77
2018,36,87
2019,36,90
2020,36,83
1941,37,87
1942,37,87
1943,37,91
1944,37,101
1945,37,89
1946,37,94
1947,37,83
1948,37,87
1949,37,87
1950,37,100
1951,37,87
1952,37,92
1953,37,73
1954,37,80
1955,37,100
1956,37,86
1957,37,82
1958,37,77
1959,37,96
1960,37,99
1961,37,92
1962,37,85
1963,37,101
1964,37,95
1965,37,85
1966,37,89
1967,37,93
1968,37,99
1969,37,91
1970,37,92
1971,37,102
1972,37,90
1973,37,99
1974,37,86
1975,37,95
1976,37,95
1977,37,93
1978,37,109
1979,37,101
1980,37,97
1981,37,107
1982,37,92
1983,37,88
1984,37,96
1985,37,85
1986,37,100
1987,37,92
1988,37,95
1989,37,86
1990,37,92
1991,37,90
1992,37,86
1993,37,92
1994,37,100
1995,37,85
1996,37,104
1997,37,79
1998,37,95
1999,37,89
2000,37,83
2001,37,93
2002,37,100
2003,37,87
2004,37,84
2005,37,92
2006,37,85
2007,37,89
2008,37,100
2009,37,96
2010,37,83
2011,37,94
2012,37,100
2013,37,96
2014,37,94
2015,37,95
2016,37,86
2017,37,89
2018,37,88
2019,37,94
2020,37,80
1941,38,87
1942,38,96
1943,38,80
1944,38,74
1945,38,106
1946,38,104
1947,38,94
1948,38,103
1949,38,90
1950,38,81
1951,38,91
1952,38,92
1953,38,88
1954,38,107
1955,38,96
1956,38,72
1957,38,80
1958,38,92
1959,38,101
1960,38,95
1961,38,76
1962,38,93
1963,38,88
1964,38,92
1965,38,74
1966,38,86
1967,38,99
1968,38,102
1969,38,89
1970,38,87
1971,38,86
1972,38,91
1973,38,79
1974,38,70
1975,38,105
1976,38,98
1977,38,83
1978,38,97
1979,38,93
1980,38,82
1981,38,87
1982,38,94
1983,38,94
1984,38,86
1985,38,89
1986,38,82
1987,38,102
1988,38,95
1989,38,82
1990,38,95
1991,38,100
1992,38,80
1993,38,86
1994,38,88
1995,38,79
1996,38,101
1997,38,95
1998,38,107
1999,38,91
2000,38,94
2001,38,97
2002,38,93
2003,38,84
2004,38,87
2005,38,107
2006,38,89
2007,38,94
2008,38,100
2009,38,99
2010,38,83
2011,38,104
2012,38,83
2013,38,97
2014,38,86
2015,38,98
2016,38,105
2017,38,94
2018,38,88
2019,38,94
2020,38,87
1941,39,83
1942,39,76
1943,39,88
1944,39,95
1945,39,97
1946,39,86
1947,39,95
1948,39,85
1949,39,94
1950,39,99
1951,39,84
1952,39,87
1953,39,99
1954,39,93
1955,39,74
1956,39,87
1957,39,101
1958,39,81
1959,39,87
1960,39,76
1961,39,76
1962,39,104
1963,39,100
1964,39,95
1965,39,102
1966,39,84
1967,39,81
1968,39,81
1969,39,107
1970,39,93
1971,39,86
1972,39,89
1973,39,81
1974,39,82
1975,39,98
1976,39,105
1977,39,81
1978,39,105
1979,39,95
1980,39,88
1981,39,111
1982,39,93
1983,39,114
1984,39,88
1985,39,95
1986,39,107
1987,39,89
1988,39,90
1989,39,98
1990,39,95
1991,39,98
1992,39,92
1993,39,78
1994,39,90
1995,39,104
1996,39,95
1997,39,91
1998,39,92
1999,39,83
2000,39,88
2001,39,97
2002,39,100
2003,39,86
2004,39,78
2005,39,101
2006,39,91
2007,39,94
2008,39,96
2009,39,101
2010,39,94
2011,39,79
2012,39,87
2013,39,101
2014,39,95
2015,39,85
2016,39,91
2017,39,85
2018,39,84
2019,39,105
2020,39,93
1941,40,78
1942,40,108
1943,40,86
1944,40,87
1945,40,101
1946,40,82
1947,40,95
1948,40,100
1949,40,87
1950,40,121
1951,40,87
1952,40,88
1953,40,86
1954,40,91
1955,40,92
1956,40,102
1957,40,87
1958,40,99
1959,40,80
1960,40,101
1961,40,101
1962,40,95
1963,40,99
1964,40,92
1965,40,86
1966,40,97
1967,40,92
1968,40,85
1969,40,85
1970,40,91
1971,40,88
1972,40,112
1973,40,97
1974,40,76
1975,40,95
1976,40,80
1977,40,105
1978,40,83
1979,40,91
1980,40,113
1981,40,79
1982,40,92
1983,40,101
1984,40,90
1985,40,88
1986,40,85
1987,40,75
1988,40,103
1989,40,78
1990,40,80
1991,40,101
1992,40,94
1993,40,81
1994,40,81
1995,40,82
1996,40,96
1997,40,82
1998,40,89
1999,40,103
2000,40,86
2001,40,91
2002,40,111
2003,40,80
2004,40,90
2005,40,106
2006,40,86
2007,40,83
2008,40,103
2009,40,80
2010,40,89
2011,40,101
2012,40,87
2013,40,87
2014,40,82
2015,40,89
2016,40,87
2017,40,87
2018,40,73
2019,40,92
2020,40,97
1941,41,93
1942,41,76
1943,41,101
1944,41,92
1945,41,90
1946,41,95
1947,41,101
1948,41,75
1949,41,91
1950,41,104
1951,41,83
1952,41,102
1953,41,100
1954,41,85
1955,41,74
1956,41,96
1957,41,86
1958,41,86
1959,41,86
1960,41,88
1961,41,86
1962,41,87
1963,41,92
1964,41,82
1965,41,96
1966,41,85
1967,41,87
1968,41,78
1969,41,86
1970,41,90
1971,41,98
1972,41,93
1973,41,95
1974,41,89
1975,41,71
1976,41,94
1977,41,82
1978,41,74
1979,41,94
1980,41,101
1981,41,101
1982,41,99
1983,41,92
1984,41,89
1985,41,93
1986,41,87
1987,41,105
1988,41,89
1989,41,79
1990,41,88
1991,41,110
1992,41,105
1993,41,93
1994,41,87
1995,41,104
1996,41,96
1997,41,89
1998,41,101
1999,41,102
2000,41,99
2001,41,85
2002,41,87
2003,41,92
2004,41,91
2005,41,84
2006,41,114
2007,41,79
2008,41,82
2009,41,71
2010,41,101
2011,41,99
2012,41,96
2013,41,90
2014,41,82
2015,41,87
2016,41,82
2017,41,91
2018,41,87
2019,41,98
2020,41,81
1941,42,92
1942,42,81
1943,42,96
1944,42,87
1945,42,92
1946,42,92
1947,42,79
1948,42,101
1949,42,86
1950,42,88
1951,42,95
1952,42,94
1953,42,81
1954,42,72
1955,42,87
1956,42,86
1957,42,95
1958,42,100
1959,42,83
1960,42,114
1961,42,91
1962,42,97
1963,42,87
1964,42,112
1965,42,89
1966,42,89
1967,42,108
1968,42,90
1969,42,90
1970,42,103
1971,42,80
1972,42,95
1973,42,103
1974,42,87
1975,42,103
1976,42,88
1977,42,90
1978,42,101
1979,42,90
1980,42,88
1981,42,84
1982,42,100
1983,42,88
1984,42,81
1985,42,101
1986,42,75
1987,42,109
1988,42,87
1989,42,80
1990,42,100
1991,42,99
1992,42,99
1993,42,103
1994,42,79
1995,42,91
1996,42,80
1997,42,93
1998,42,103
1999,42,96
2000,42,97
2001,42,101
2002,42,89
2003,42,98
2004,42,96
2005,42,80
2006,42,90
2007,42,87
2008,42,97
2009,42,84
2010,42,100
2011,42,84
2012,42,98
2013,42,109
2014,42,82
2015,42,97
2016,42,83
2017,42,75
2018,42,94
2019,42,97
2020,42,89
1941,43,90
1942,43,82
1943,43,107
1944,43,84
1945,43,87
1946,43,94
1947,43,88
1948,43,107
1949,43,101
1950,43,97
1951,43,85
1952,43,91
1953,43,89
1954,43,86
1955,43,93
1956,43,87
1957,43,98
1958,43,94
1959,43,74
1960,43,97
1961,43,118
1962,43,98
1963,43,87
1964,43,91
1965,43,120
1966,43,80
1967,43,91
1968,43,110
1969,43,98
1970,43,102
1971,43,93
1972,43,95
1973,43,87
1974,43,88
1975,43,101
1976,43,87
1977,43,81
1978,43,106
1979,43,99
1980,43,81
1981,43,92
1982,43,90
1983,43,95
1984,43,94
1985,43,103
1986,43,85
1987,43,101
1988,43,85
1989,43,91
1990,43,89
1991,43,105
1992,43,88
1993,43,89
1994,43,87
1995,43,86
1996,43,89
1997,43,80
1998,43,105
1999,43,87
2000,43,88
2001,43,85
2002,43,101
2003,43,97
2004,43,87
2005,43,99
2006,43,89
2007,43,74
2008,43,91
2009,43,87
2010,43,99
2011,43,97
2012,43,95
2013,43,96
2014,43,88
2015,43,79
2016,43,105
2017,43,92
2018,43,100
2019,43,89
2020,43,84
1941,44,88
1942,44,78
1943,44,104
1944,44,81
1945,44,81
1946,44,115
1947,44,92
1948,44,87
1949,44,91
1950,44,87
1951,44,81
1952,44,92
1953,44,79
1954,44,79
1955,44,94
1956,44,88
1957,44,94
1958,44,96
1959,44,93
1960,44,99
1961,44,80
1962,44,105
1963,44,92
1964,44,93
1965,44,90
1966,44,88
1967,44,93
1968,44,87
1969,44,96
1970,44,84
1971,44,107
1972,44,83
1973,44,97
1974,44,86
1975,44,77
1976,44,101
1977,44,82
1978,44,89
1979,44,100
1980,44,111
1981,44,100
1982,44,97
1983,44,78
1984,44,81
1985,44,101
1986,44,92
1987,44,98
1988,44,93
1989,44,98
1990,44,81
1991,44,105
1992,44,93
1993,44,87
1994,44,98
1995,44,85
1996,44,87
1997,44,95
1998,44,81
1999,44,92
2000,44,95
2001,44,87
2002,44,79
2003,44,92
2004,44,84
2005,44,103
2006,44,93
2007,44,95
2008,44,92
2009,44,113
2010,44,102
2011,44,93
2012,44,98
2013,44,88
2014,44,96
2015,44,88
2016,44,96
2017,44,103
2018,44,100
2019,44,90
2020,44,106
1941,45,101
1942,45,105
1943,45,87
1944,45,87
1945,45,91
1946,45,87
1947,45,81
1948,45,101
1949,45,79
1950,45,102
1951,45,86
1952,45,86
1953,45,102
1954,45,91
1955,45,80
1956,45,89
1957,45,85
1958,45,79
1959,45,107
1960,45,86
1961,45,93
1962,45,92
1963,45,86
1964,45,91
1965,45,99
1966,45,100
1967,45,94
1968,45,91
1969,45,99
1970,45,93
1971,45,101
1972,45,87
1973,45,86
1974,45,94
1975,45,79
1976,45,96
1977,45,96
1978,45,90
1979,45,102
1980,45,88
1981,45,96
1982,45,88
1983,45,81
1984,45,88
1985,45,97
1986,45,94
1987,45,86
1988,45,93
1989,45,89
1990,45,96
1991,45,99
1992,45,95
1993,45,105
1994,45,87
1995,45,90
1996,45,97
1997,45,98
1998,45,86
1999,45,83
2000,45,94
2001,45,85
2002,45,88
2003,45,90
2004,45,91
2005,45,87
2006,45,87
2007,45,106
2008,45,74
2009,45,86
2010,45,96
2011,45,90
2012,45,92
2013,45,91
2014,45,89
2015,45,88
2016,45,95
2017,45,95
2018,45,92
2019,45,98
2020,45,90
1941,46,101
1942,46,103
1943,46,79
1944,46,86
1945,46,90
1946,46,89
1947,46,86
1948,46,77
1949,46,96
1950,46,93
1951,46,77
1952,46,100
1953,46,98
1954,46,81
1955,46,95
1956,46,102
1957,46,85
1958,46,96
1959,46,76
1960,46,94
1961,46,73
1962,46,85
1963,46,94
1964,46,103
1965,46,96
1966,46,84
1967,46,88
1968,46,87
1969,46,74
1970,46,96
1971,46,101
1972,46,92
1973,46,87
1974,46,100
1975,46,93
1976,46,75
1977,46,82
1978,46,100
1979,46,90
1980,46,87
1981,46,98
1982,46,94
1983,46,93
1984,46,94
1985,46,101
1986,46,101
1987,46,89
1988,46,99
1989,46,73
1990,46,96
1991,46,95
1992,46,81
1993,46,86
1994,46,87
1995,46,89
1996,46,87
1997,46,102
1998,46,103
1999,46,87
2000,46,80
2001,46,94
2002,46,98
2003,46,109
2004,46,74
2005,46,95
2006,46,99
2007,46,106
2008,46,93
2009,46,74
2010,46,117
2011,46,72
2012,46,87
2013,46,101
2014,46,92
2015,46,81
2016,46,102
2017,46,94
2018,46,75
2019,46,93
2020,46,82
1941,47,96
1942,47,87
1943,47,93
1944,47,96
1945,47,96
1946,47,92
1947,47,97
1948,47,108
1949,47,93
1950,47,91
1951,47,95
1952,47,85
1953,47,96
1954,47,72
1955,47,101
1956,47,97
1957,47,93
1958,47,103
1959,47,74
1960,47,101
1961,47,95
1962,47,92
1963,47,87
1964,47,98
1965,47,97
1966,47,99
1967,47,90
1968,47,70
1969,47,109
1970,47,85
1971,47,76
1972,47,110
1973,47,87
1974,47,87
1975,47,87
1976,47,92
1977,47,86
1978,47,105
1979,47,94
1980,47,87
1981,47,105
1982,47,76
1983,47,78
1984,47,88
1985,47,85
1986,47,86
1987,47,92
1988,47,79
1989,47,87
1990,47,115
1991,47,106
1992,47,91
1993,47,82
1994,47,92
1995,47,77
1996,47,90
1997,47,109
1998,47,87
1999,47,97
2000,47,83
2001,47,94
2002,47,94
2003,47,105
2004,47,93
2005,47,100
2006,47,93
2007,47,95
2008,47,94
2009,47,87
2010,47,95
2011,47,95
2012,47,94
2013,47,98
2014,47,81
2015,47,95
2016,47,78
2017,47,107
2018,47,86
2019,47,88
2020,47,77
1941,48,91
1942,48,88
1943,48,99
1944,48,101
1945,48,95
1946,48,96
1947,48,101
1948,48,92
1949,48,83
1950,48,101
1951,48,89
1952,48,100
1953,48,88
1954,48,91
1955,48,98
1956,48,91
1957,48,84
1958,48,83
1959,48,88
1960,48,98
1961,48,86
1962,48,97
1963,48,80
1964,48,92
1965,48,94
1966,48,109
1967,48,97
1968,48,89
1969,48,95
1970,48,78
1971,48,92
1972,48,92
1973,48,79
1974,48,96
1975,48,91
1976,48,101
1977,48,104
1978,48,89
1979,48,82
1980,48,93
1981,48,96
1982,48,91
1983,48,103
1984,48,112
1985,48,89
1986,48,93
1987,48,99
1988,48,85
1989,48,100
1990,48,90
1991,48,92
1992,48,91
1993,48,84
1994,48,91
1995,48,100
1996,48,86
1997,48,100
1998,48,91
1999,48,85
2000,48,83
2001,48,99
2002,48,98
2003,48,105
2004,48,83
2005,48,114
2006,48,89
2007,48,85
2008,48,94
2009,48,90
2010,48,89
2011,48,91
2012,48,92
2013,48,84
2014,48,97
2015,48,96
2016,48,87
2017,48,97
2018,48,96
2019,48,80
2020,48,98
1941,49,87
1942,49,84
1943,49,79
1944,49,92
1945,49,94
1946,49,85
1947,49,96
1948,49,87
1949,49,83
1950,49,101
1951,49,87
1952,49,89
1953,49,93
1954,49,86
1955,49,86
1956,49,113
1957,49,93
1958,49,75
1959,49,101
1960,49,89
1961,49,93
1962,49,83
1963,49,99
1964,49,91
1965,49,98
1966,49,86
1967,49,88
1968,49,114
1969,49,97
1970,49,96
1971,49,82
1972,49,88
1973,49,92
1974,49,99
1975,49,92
1976,49,101
1977,49,88
1978,49,83
1979,49,91
1980,49,76
1981,49,93
1982,49,96
1983,49,94
1984,49,89
1985,49,109
1986,49,97
1987,49,85
1988,49,87
1989,49,98
1990,49,83
1991,49,98
1992,49,88
1993,49,92
1994,49,71
1995,49,83
1996,49,85
1997,49,82
1998,49,112
1999,49,86
2000,49,79
2001,49,106
2002,49,80
2003,49,81
2004,49,90
2005,49,91
2006,49,88
2007,49,84
2008,49,99
2009,49,92
2010,49,91
2011,49,100
2012,49,89
2013,49,77
2014,49,87
2015,49,93
2016,49,90
2017,49,92
2018,49,87
2019,49,89
2020,49,85
1941,50,94
1942,50,83
1943,50,91
1944,50,80
1945,50,113
1946,50,86
1947,50,100
1948,50,82
1949,50,91
1950,50,103
1951,50,83
1952,50,96
1953,50,74
1954,50,77
1955,50,91
1956,50,101
1957,50,97
1958,50,87
1959,50,95
1960,50,90
1961,50,88
1962,50,98
1963,50,95
1964,50,89
1965,50,91
1966,50,101
1967,50,97
1968,50,82
1969,50,101
1970,50,92
1971,50,87
1972,50,89
1973,50,83
1974,50,87
1975,50,95
1976,50,92
1977,50,93
1978,50,117
1979,50,100
1980,50,77
1981,50,102
1982,50,98
1983,50,87
1984,50,87
1985,50,96
1986,50,74
1987,50,78
1988,50,107
1989,50,81
1990,50,76
1991,50,99
1992,50,87
1993,50,84
1994,50,87
1995,50,110
1996,50,92
1997,50,103
1998,50,94
1999,50,97
2000,50,96
2001,50,91
2002,50,95
2003,50,100
2004,50,84
2005,50,95
2006,50,103
2007,50,86
2008,50,93
2009,50,87
2010,50,94
2011,50,99
2012,50,91
2013,50,98
2014,50,87
2015,50,85
2016,50,92
2017,50,77
2018,50,83
2019,50,101
2020,50,83
1941,51,84
1942,51,71
1943,51,102
1944,51,89
1945,51,88
1946,51,101
1947,51,87
1948,51,88
1949,51,91
1950,51,97
1951,51,92
1952,51,89
1953,51,85
1954,51,91
1955,51,89
1956,51,99
1957,51,80
1958,51,95
1959,51,87
1960,51,85
1961,51,94
1962,51,90
1963,51,83
1964,51,91
1965,51,100
1966,51,90
1967,51,104
1968,51,79
1969,51,77
1970,51,97
1971,51,78
1972,51,86
1973,51,106
1974,51,89
1975,51,87
1976,51,102
1977,51,86
1978,51,95
1979,51,90
1980,51,88
1981,51,98
1982,51,92
1983,51,90
1984,51,88
1985,51,91
1986,51,78
1987,51,92
1988,51,96
1989,51,98
1990,51,103
1991,51,75
1992,51,93
1993,51,91
1994,51,92
1995,51,85
1996,51,97
1997,51,96
1998,51,78
1999,51,91
2000,51,96
2001,51,84
2002,51,81
2003,51,105
2004,51,83
2005,51,96
2006,51,86
2007,51,99
2008,51,86
2009,51,94
2010,51,99
2011,51,98
2012,51,81
2013,51,105
2014,51,74
2015,51,74
2016,51,97
2017,51,90
2018,51,92
2019,51,100
2020,51,81
1941,52,94
1942,52,117
1943,52,91
1944,52,86
1945,52,91
1946,52,96
1947,52,91
1948,52,86
1949,52,99
1950,52,94
1951,52,91
1952,52,105
1953,52,100
1954,52,87
1955,52,109
1956,52,95
1957,52,83
1958,52,99
1959,52,96
1960,52,86
1961,52,103
1962,52,101
1963,52,90
1964,52,93
1965,52,96
1966,52,99
1967,52,87
1968,52,107
1969,52,107
1970,52,98
1971,52,102
1972,52,96
1973,52,91
1974,52,94
1975,52,92
1976,52,88
1977,52,93
1978,52,88
1979,52,94
1980,52,101
1981,52,100
1982,52,78
1983,52,114
1984,52,87
1985,52,88
1986,52,88
1987,52,78
1988,52,101
1989,52,85
1990,52,85
1991,52,103
1992,52,98
1993,52,95
1994,52,96
1995,52,99
1996,52,92
1997,52,96
1998,52,92
1999,52,102
2000,52,86
2001,52,86
2002,52,98
2003,52,109
2004,52,84
2005,52,98
2006,52,91
2007,52,94
2008,52,88
2009,52,95
2010,52,88
2011,52,80
2012,52,96
2013,52,88
2014,52,91
2015,52,89
2016,52,88
2017,52,97
2018,52,89
2019,52,107
2020,52,73
1941,53,90
1942,53,87
1943,53,94
1944,53,88
1945,53,89
1946,53,101
1947,53,93
1948,53,79
1949,53,95
1950,53,100
1951,53,94
1952,53,100
1953,53,96
1954,53,104
1955,53,92
1956,53,89
1957,53,80
1958,53,100
1959,53,76
1960,53,87
1961,53,92
1962,53,93
1963,53,97
1964,53,87
1965,53,97
1966,53,74
1967,53,82
1968,53,82
1969,53,79
1970,53,88
1971,53,89
1972,53,108
1973,53,85
1974,53,85
1975,53,98
1976,53,92
1977,53,100
1978,53,92
1979,53,97
1980,53,86
1981,53,104
1982,53,77
1983,53,100
1984,53,93
1985,53,90
1986,53,88
1987,53,97
1988,53,101
1989,53,85
1990,53,76
1991,53,99
1992,53,88
1993,53,98
1994,53,81
1995,53,88
1996,53,89
1997,53,85
1998,53,99
1999,53,86
2000,53,88
2001,53,101
2002,53,86
2003,53,106
2004,53,100
2005,53,114
2006,53,85
2007,53,106
2008,53,88
2009,53,96
2010,53,90
2011,53,96
2012,53,94
2013,53,89
2014,53,93
2015,53,86
2016,53,87
2017,53,99
2018,53,80
2019,53,86
2020,53,86
1941,54,91
1942,54,82
1943,54,101
1944,54,90
1945,54,91
1946,54,89
1947,54,91
1948,54,99
1949,54,98
1950,54,78
1951,54,83
1952,54,97
1953,54,89
1954,54,81
1955,54,108
1956,54,77
1957,54,94
1958,54,83
1959,54,97
1960,54,94
1961,54,107
1962,54,89
1963,54,113
1964,54,87
1965,54,90
1966,54,102
1967,54,90
1968,54,95
1969,54,101
1970,54,90
1971,54,82
1972,54,101
1973,54,94
1974,54,87
1975,54,98
1976,54,90
1977,54,81
1978,54,90
1979,54,99
1980,54,89
1981,54,101
1982,54,74
1983,54,95
1984,54,75
1985,54,91
1986,54,97
1987,54,95
1988,54,90
1989,54,99
1990,54,83
1991,54,108
1992,54,92
1993,54,97
1994,54,92
1995,54,81
1996,54,92
1997,54,89
1998,54,93
1999,54,94
2000,54,88
2001,54,87
2002,54,96
2003,54,88
2004,54,90
2005,54,87
2006,54,88
2007,54,90
2008,54,99
2009,54,79
2010,54,93
2011,54,90
2012,54,87
2013,54,78
2014,54,100
2015,54,85
2016,54,94
2017,54,82
2018,54,88
2019,54,92
2020,54,80
1941,55,87
1942,55,86
1943,55,104
1944,55,76
1945,55,80
1946,55,89
1947,55,98
1948,55,101
1949,55,106
1950,55,110
1951,55,104
1952,55,96
1953,55,98
1954,55,105
1955,55,90
1956,55,101
1957,55,92
1958,55,84
1959,55,92
1960,55,87
1961,55,85
1962,55,84
1963,55,84
1964,55,98
1965,55,85
1966,55,74
1967,55,96
1968,55,79
1969,55,94
1970,55,89
1971,55,91
1972,55,93
1973,55,88
1974,55,93
1975,55,79
1976,55,95
1977,55,90
1978,55,79
1979,55,97
1980,55,87
1981,55,85
1982,55,86
1983,55,91
1984,55,87
1985,55,74
1986,55,99
1987,55,87
1988,55,76
1989,55,87
1990,55,87
1991,55,95
1992,55,96
1993,55,95
1994,55,97
1995,55,86
1996,55,78
1997,55,100
1998,55,87
1999,55,89
2000,55,96
2001,55,80
2002,55,90
2003,55,83
2004,55,88
2005,55,113
2006,55,77
2007,55,87
2008,55,97
2009,55,94
2010,55,86
2011,55,101
2012,55,88
2013,55,84
2014,55,95
2015,55,96
2016,55,103
2017,55,94
2018,55,89
2019,55,80
2020,55,91
1941,56,90
1942,56,93
1943,56,82
1944,56,98
1945,56,93
1946,56,82
1947,56,91
1948,56,116
1949,56,83
1950,56,90
1951,56,86
1952,56,99
1953,56,92
1954,56,86
1955,56,83
1956,56,96
1957,56,88
1958,56,91
1959,56,91
1960,56,95
1961,56,85
1962,56,101
1963,56,84
1964,56,93
1965,56,102
1966,56,92
1967,56,90
1968,56,79
1969,56,95
1970,56,103
1971,56,81
1972,56,96
1973,56,89
1974,56,88
1975,56,94
1976,56,102
1977,56,102
1978,56,99
1979,56,82
1980,56,85
1981,56,77
1982,56,92
1983,56,101
1984,56,101
1985,56,89
1986,56,93
1987,56,86
1988,56,105
1989,56,98
1990,56,74
1991,56,107
1992,56,83
1993,56,86
1994,56,98
1995,56,92
1996,56,101
1997,56,91
1998,56,101
1999,56,85
2000,56,97
2001,56,77
2002,56,97
2003,56,94
2004,56,77
2005,56,106
2006,56,76
2007,56,87
2008,56,80
2009,56,106
2010,56,95
2011,56,94
2012,56,93
2013,56,88
2014,56,81
2015,56,82
2016,56,96
2017,56,87
2018,56,86
2019,56,99
2020,56,76
1941,57,82
1942,57,98
1943,57,79
1944,57,85
1945,57,93
1946,57,88
1947,57,106
1948,57,86
1949,57,72
1950,57,95
1951,57,101
1952,57,108
1953,57,102
1954,57,76
1955,57,106
1956,57,75
1957,57,100
1958,57,96
1959,57,94
1960,57,89
1961,57,111
1962,57,84
1963,57,93
1964,57,110
1965,57,92
1966,57,83
1967,57,100
1968,57,78
1969,57,76
1970,57,114
1971,57,102
1972,57,94
1973,57,100
1974,57,90
1975,57,94
1976,57,92
1977,57,101
1978,57,90
1979,57,84
1980,57,87
1981,57,76
1982,57,86
1983,57,110
1984,57,81
1985,57,87
1986,57,94
1987,57,87
1988,57,96
1989,57,97
1990,57,79
1991,57,107
1992,57,88
1993,57,101
1994,57,100
1995,57,98
1996,57,82
1997,57,85
1998,57,100
1999,57,75
2000,57,105
2001,57,85
2002,57,105
2003,57,87
2004,57,87
2005,57,86
2006,57,107
2007,57,86
2008,57,87
2009,57,86
2010,57,90
2011,57,86
2012,57,90
2013,57,74
2014,57,84
2015,57,100
2016,57,87
2017,57,90
2018,57,96
2019,57,93
2020,57,86
1941,58,100
1942,58,102
1943,58,89
1944,58,78
1945,58,87
1946,58,101
1947,58,94
1948,58,82
1949,58,103
1950,58,87
1951,58,98
1952,58,84
1953,58,94
1954,58,109
1955,58,90
1956,58,92
1957,58,97
1958,58,73
1959,58,89
1960,58,94
1961,58,103
1962,58,82
1963,58,87
1964,58,99
1965,58,101
1966,58,89
1967,58,93
1968,58,91
1969,58,89
1970,58,94
1971,58,88
1972,58,98
1973,58,89
1974,58,87
1975,58,74
1976,58,87
1977,58,87
1978,58,72
1979,58,101
1980,58,93
1981,58,95
1982,58,99
1983,58,94
1984,58,88
1985,58,106
1986,58,105
1987,58,87
1988,58,87
1989,58,91
1990,58,92
1991,58,88
1992,58,91
1993,58,88
1994,58,102
1995,58,92
1996,58,84
1997,58,88
1998,58,88
1999,58,94
2000,58,95
2001,58,93
2002,58,87
2003,58,103
2004,58,90
2005,58,87
2006,58,97
2007,58,87
2008,58,85
2009,58,81
2010,58,89
2011,58,101
2012,58,80
2013,58,80
2014,58,99
2015,58,81
2016,58,87
2017,58,87
2018,58,100
2019,58,94
2020,58,75
1941,59,98
1942,59,84
1943,59,64
1944,59,97
1945,59,87
1946,59,85
1947,59,83
1948,59,86
1949,59,87
1950,59,87
1951,59,87
1952,59,101
1953,59,75
1954,59,89
1955,59,82
1956,59,87
1957,59,106
1958,59,71
1959,59,93
1960,59,83
1961,59,83
1962,59,92
1963,59,88
1964,59,84
1965,59,88
1966,59,90
1967,59,86
1968,59,82
1969,59,99
1970,59,98
1971,59,99
1972,59,87
1973,59,82
1974,59,79
1975,59,98
1976,59,89
1977,59,93
1978,59,103
1979,59,92
1980,59,80
1981,59,87
1982,59,82
1983,59,87
1984,59,104
1985,59,94
1986,59,91
1987,59,99
1988,59,85
1989,59,93
1990,59,83
1991,59,105
1992,59,98
1993,59,83
1994,59,99
1995,59,105
1996,59,89
1997,59,93
1998,59,91
1999,59,90
2000,59,87
2001,59,97
2002,59,95
2003,59,91
2004,59,72
2005,59,108
2006,59,104
2007,59,88
2008,59,105
2009,59,91
2010,59,103
2011,59,80
2012,59,103
2013,59,98
2014,59,109
2015,59,90
2016,59,90
2017,59,99
2018,59,73
2019,59,82
2020,59,104
1941,60,87
1942,60,80
1943,60,95
1944,60,95
1945,60,81
1946,60,87
1947,60,73
1948,60,112
1949,60,95
1950,60,88
1951,60,87
1952,60,89
1953,60,89
1954,60,86
1955,60,95
1956,60,87
1957,60,84
1958,60,111
1959,60,97
1960,60,78
1961,60,106
1962,60,91
1963,60,90
1964,60,99
1965,60,101
1966,60,82
1967,60,93
1968,60,94
1969,60,88
1970,60,102
1971,60,94
1972,60,86
1973,60,84
1974,60,74
1975,60,78
1976,60,86
1977,60,99
1978,60,92
1979,60,103
1980,60,72
1981,60,92
1982,60,99
1983,60,88
1984,60,92
1985,60,92
1986,60,97
1987,60,83
1988,60,87
1989,60,86
1990,60,114
1991,60,90
1992,60,95
1993,60,102
1994,60,89
1995,60,87
1996,60,77
1997,60,98
1998,60,77
1999,60,88
2000,60,105
2001,60,92
2002,60,76
2003,60,97
2004,60,96
2005,60,94
2006,60,93
2007,60,89
2008,60,84
2009,60,100
2010,60,87
2011,60,99
2012,60,91
2013,60,84
2014,60,109
2015,60,104
2016,60,89
2017,60,93
2018,60,88
2019,60,82
2020,60,101
1941,61,83
1942,61,80
1943,61,88
1944,61,89
1945,61,96
1946,61,81
1947,61,88
1948,61,83
1949,61,87
1950,61,81
1951,61,82
1952,61,94
1953,61,78
1954,61,97
1955,61,83
1956,61,90
1957,61,88
1958,61,95
1959,61,87
1960,61,90
1961,61,93
1962,61,83
1963,61,94
1964,61,93
1965,61,82
1966,61,81
1967,61,90
1968,61,82
1969,61,90
1970,61,96
1971,61,93
1972,61,99
1973,61,87
1974,61,82
1975,61,87
1976,61,96
1977,61,94
1978,61,82
1979,61,87
1980,61,97
1981,61,83
1982,61,91
1983,61,88
1984,61,85
1985,61,80
1986,61,89
1987,61,93
1988,61,88
1989,61,84
1990,61,79
1991,61,89
1992,61,81
1993,61,89
1994,61,93
1995,61,89
1996,61,97
1997,61,98
1998,61,85
1999,61,85
2000,61,92
2001,61,70
2002,61,86
2003,61,93
2004,61,87
2005,61,90
2006,61,90
2007,61,88
2008,61,83
2009,61,95
2010,61,78
2011,61,90
2012,61,91
2013,61,88
2014,61,81
2015,61,83
2016,61,105
2017,61,95
2018,61,89
2019,61,110
2020,61,90
1941,62,82
1942,62,92
1943,62,98
1944,62,92
1945,62,77
1946,62,99
1947,62,83
1948,62,98
1949,62,87
1950,62,85
1951,62,94
1952,62,98
1953,62,94
1954,62,100
1955,62,71
1956,62,98
1957,62,74
1958,62,82
1959,62,80
1960,62,86
1961,62,95
1962,62,87
1963,62,102
1964,62,88
1965,62,93
1966,62,82
1967,62,88
1968,62,104
1969,62,95
1970,62,78
1971,62,95
1972,62,93
1973,62,88
1974,62,90
1975,62,93
1976,62,94
1977,62,82
1978,62,88
1979,62,82
1980,62,88
1981,62,90
1982,62,93
1983,62,83
1984,62,89
1985,62,87
1986,62,96
1987,62,88
1988,62,93
1989,62,82
1990,62,89
1991,62,93
1992,62,83
1993,62,79
1994,62,90
1995,62,87
1996,62,78
1997,62,88
1998,62,83
1999,62,72
2000,62,94
2001,62,86
2002,62,93
2003,62,94
2004,62,86
2005,62,93
2006,62,86
2007,62,85
2008,62,76
2009,62,98
2010,62,82
2011,62,85
2012,62,91
2013,62,83
2014,62,79
2015,62,96
2016,62,76
2017,62,92
2018,62,82
2019,62,98
2020,62,93
1941,63,92
1942,63,99
1943,63,95
1944,63,76
1945,63,76
1946,63,99
1947,63,83
1948,63,79
1949,63,82
1950,63,94
1951,63,78
1952,63,84
1953,63,76
1954,63,99
1955,63,93
1956,63,84
1957,63,86
1958,63,108
1959,63,82
1960,63,73
1961,63,97
1962,63,97
1963,63,88
1964,63,85
1965,63,93
1966,63,82
1967,63,85
1968,63,87
1969,63,93
1970,63,86
1971,63,83
1972,63,105
1973,63,85
1974,63,76
1975,63,87
1976,63,77
1977,63,84
1978,63,87
1979,63,77
1980,63,98
1981,63,79
1982,63,82
1983,63,94
1984,63,90
1985,63,95
1986,63,87
1987,63,79
1988,63,94
1989,63,93
1990,63,93
1991,63,94
1992,63,98
1993,63,96
1994,63,88
1995,63,84
1996,63,90
1997,63,89
1998,63,101
1999,63,79
2000,63,82
2001,63,88
2002,63,96
2003,63,94
2004,63,90
2005,63,90
2006,63,93
2007,63,85
2008,63,90
2009,63,91
2010,63,92
2011,63,73
2012,63,94
2013,63,92
2014,63,82
2015,63,84
2016,63,94
2017,63,95
2018,63,82
2019,63,87
2020,63,77
1941,64,93
1942,64,75
1943,64,94
1944,64,94
1945,64,88
1946,64,93
1947,64,91
1948,64,92
1949,64,88
1950,64,95
1951,64,96
1952,64,105
1953,64,78
1954,64,89
1955,64,82
1956,64,95
1957,64,84
1958,64,82
1959,64,96
1960,64,103
1961,64,99
1962,64,87
1963,64,75
1964,64,65
1965,64,86
1966,64,87
1967,64,79
1968,64,100
1969,64,91
1970,64,86
1971,64,84
1972,64,82
1973,64,92
1974,64,92
1975,64,97
1976,64,88
1977,64,89
1978,64,87
1979,64,89
1980,64,82
1981,64,90
1982,64,93
1983,64,94
1984,64,95
1985,64,88
1986,64,96
1987,64,92
1988,64,86
1989,64,82
1990,64,85
1991,64,95
1992,64,99
1993,64,92
1994,64,79
1995,64,97
1996,64,89
1997,64,104
1998,64,90
1999,64,65
2000,64,92
2001,64,83
2002,64,95
2003,64,88
2004,64,88
2005,64,105
2006,64,87
2007,64,93
2008,64,93
2009,64,105
2010,64,94
2011,64,86
2012,64,98
2013,64,86
2014,64,71
2015,64,82
2016,64,96
2017,64,101
2018,64,89
2019,64,93
2020,64,99
1941,65,92
1942,65,89
1943,65,88
1944,65,65
1945,65,86
1946,65,82
1947,65,103
1948,65,78
1949,65,95
1950,65,91
1951,65,76
1952,65,98
1953,65,91
1954,65,86
1955,65,100
1956,65,93
1957,65,92
1958,65,88
1959,65,86
1960,65,93
1961,65,104
1962,65,83
1963,65,91
1964,65,89
1965,65,77
1966,65,79
1967,65,106
1968,65,93
1969,65,102
1970,65,83
1971,65,94
1972,65,88
1973,65,101
1974,65,82
1975,65,93
1976,65,104
1977,65,93
1978,65,95
1979,65,82
1980,65,86
1981,65,101
1982,65,86
1983,65,82
1984,65,79
1985,65,74
1986,65,85
1987,65,95
1988,65,103
1989,65,88
1990,65,91
1991,65,89
1992,65,92
1993,65,80
1994,65,95
1995,65,98
1996,65,87
1997,65,85
1998,65,92
1999,65,95
2000,65,94
2001,65,83
2002,65,99
2003,65,104
2004,65,80
2005,65,81
2006,65,98
2007,65,82
2008,65,91
2009,65,100
2010,65,102
2011,65,93
2012,65,100
2013,65,69
2014,65,87
2015,65,94
2016,65,82
2017,65,78
2018,65,91
2019,65,104
2020,65,81
1941,66,93
1942,66,81
1943,66,93
1944,66,93
1945,66,68
1946,66,106
1947,66,88
1948,66,100
1949,66,88
1950,66,87
1951,66,95
1952,66,86
1953,66,81
1954,66,100
1955,66,98
1956,66,103
1957,66,82
1958,66,95
1959,66,82
1960,66,87
1961,66,87
1962,66,78
1963,66,101
1964,66,87
1965,66,87
1966,66,87
1967,66,86
1968,66,92
1969,66,91
1970,66,88
1971,66,80
1972,66,71
1973,66,71
1974,66,86
1975,66,98
1976,66,98
1977,66,88
1978,66,82
1979,66,80
1980,66,82
1981,66,89
1982,66,99
1983,66,75
1984,66,96
1985,66,98
1986,66,82
1987,66,97
1988,66,82
1989,66,88
1990,66,96
1991,66,93
1992,66,89
1993,66,92
1994,66,92
1995,66,94
1996,66,97
1997,66,89
1998,66,79
1999,66,96
2000,66,95
2001,66,82
2002,66,87
2003,66,75
2004,66,71
2005,66,102
2006,66,85
2007,66,99
2008,66,91
2009,66,95
2010,66,87
2011,66,91
2012,66,85
2013,66,91
2014,66,97
2015,66,83
2016,66,95
2017,66,97
2018,66,83
2019,66,91
2020,66,89
1941,67,90
1942,67,88
1943,67,90
1944,67,83
1945,67,82
1946,67,93
1947,67,98
1948,67,94
1949,67,86
1950,67,100
1951,67,99
1952,67,78
1953,67,91
1954,67,83
1955,67,90
1956,67,83
1957,67,93
1958,67,90
1959,67,82
1960,67,98
1961,67,93
1962,67,82
1963,67,104
1964,67,104
1965,67,79
1966,67,84
1967,67,93
1968,67,94
1969,67,85
1970,67,82
1971,67,83
1972,67,77
1973,67,101
1974,67,94
1975,67,101
1976,67,86
1977,67,81
1978,67,99
1979,67,94
1980,67,91
1981,67,71
1982,67,94
1983,67,90
1984,67,92
1985,67,75
1986,67,87
1987,67,83
1988,67,78
1989,67,74
1990,67,85
1991,67,93
1992,67,99
1993,67,88
1994,67,79
1995,67,91
1996,67,81
1997,67,94
1998,67,83
1999,67,83
2000,67,93
2001,67,94
2002,67,85
2003,67,62
2004,67,80
2005,67,113
2006,67,92
2007,67,83
2008,67,94
2009,67,85
2010,67,87
2011,67,103
2012,67,98
2013,67,82
2014,67,83
2015,67,90
2016,67,75
2017,67,91
2018,67,84
2019,67,77
2020,67,97
1941,68,89
1942,68,94
1943,68,94
1944,68,97
1945,68,84
1946,68,96
1947,68,83
1948,68,95
1949,68,85
1950,68,83
1951,68,85
1952,68,95
1953,68,89
1954,68,94
1955,68,82
1956,68,86
1957,68,77
1958,68,77
1959,68,96
1960,68,96
1961,68,83
1962,68,88
1963,68,95
1964,68,99
1965,68,86
1966,68,93
1967,68,79
1968,68,93
1969,68,93
1970,68,84
1971,68,93
1972,68,92
1973,68,84
1974,68,83
1975,68,85
1976,68,82
1977,68,95
1978,68,99
1979,68,90
1980,68,85
1981,68,71
1982,68,85
1983,68,109
1984,68,82
1985,68,86
1986,68,92
1987,68,82
1988,68,76
1989,68,89
1990,68,79
1991,68,101
1992,68,92
1993,68,93
1994,68,82
1995,68,87
1996,68,88
1997,68,85
1998,68,77
1999,68,93
2000,68,112
2001,68,95
2002,68,72
2003,68,86
2004,68,93
2005,68,80
2006,68,84
2007,68,90
2008,68,102
2009,68,80
2010,68,100
2011,68,91
2012,68,80
2013,68,85
2014,68,92
2015,68,82
2016,68,90
2017,68,95
2018,68,84
2019,68,91
2020,68,86
1941,69,87
1942,69,86
1943,69,98
1944,69,93
1945,69,93
1946,69,99
1947,69,93
1948,69,94
1949,69,74
1950,69,93
1951,69,83
1952,69,88
1953,69,85
1954,69,86
1955,69,82
1956,69,79
1957,69,94
1958,69,84
1959,69,92
1960,69,79
1961,69,81
1962,69,89
1963,69,81
1964,69,89
1965,69,90
1966,69,95
1967,69,93
1968,69,88
1969,69,78
1970,69,88
1971,69,82
1972,69,74
1973,69,81
1974,69,92
1975,69,93
1976,69,92
1977,69,77
1978,69,93
1979,69,99
1980,69,81
1981,69,81
1982,69,80
1983,69,87
1984,69,109
1985,69,92
1986,69,86
1987,69,94
1988,69,78
1989,69,91
1990,69,85
1991,69,104
1992,69,101
1993,69,86
1994,69,88
1995,69,95
1996,69,87
1997,69,82
1998,69,88
1999,69,88
2000,69,92
2001,69,89
2002,69,87
2003,69,78
2004,69,87
2005,69,102
2006,69,96
2007,69,82
2008,69,92
2009,69,104
2010,69,67
2011,69,72
2012,69,89
2013,69,82
2014,69,109
2015,69,92
2016,69,96
2017,69,99
2018,69,85
2019,69,82
2020,69,91
1941,70,81
1942,70,85
1943,70,85
1944,70,93
1945,70,93
1946,70,88
1947,70,98
1948,70,103
1949,70,76
1950,70,93
1951,70,92
1952,70,91
1953,70,83
1954,70,105
1955,70,86
1956,70,92
1957,70,83
1958,70,100
1959,70,93
1960,70,85
1961,70,90
1962,70,102
1963,70,93
1964,70,88
1965,70,91
1966,70,88
1967,70,92
1968,70,82
1969,70,88
1970,70,88
1971,70,95
1972,70,86
1973,70,93
1974,70,87
1975,70,92
1976,70,95
1977,70,84
1978,70,83
1979,70,97
1980,70,93
1981,70,87
1982,70,89
1983,70,94
1984,70,87
1985,70,88
1986,70,91
1987,70,85
1988,70,80
1989,70,91
1990,70,80
1991,70,80
1992,70,93
1993,70,98
1994,70,85
1995,70,82
1996,70,102
1997,70,90
1998,70,86
1999,70,93
2000,70,93
2001,70,97
2002,70,98
2003,70,93
2004,70,98
2005,70,84
2006,70,89
2007,70,89
2008,70,86
2009,70,93
2010,70,96
2011,70,94
2012,70,80
2013,70,82
2014,70,84
2015,70,95
2016,70,100
2017,70,93
2018,70,82
2019,70,91
2020,70,99
1941,71,75
1942,71,96
1943,71,86
1944,71,93
1945,71,94
1946,71,81
1947,71,77
1948,71,91
1949,71,91
1950,71,82
1951,71,92
1952,71,79
1953,71,93
1954,71,92
1955,71,91
1956,71,87
1957,71,80
1958,71,86
1959,71,81
1960,71,97
1961,71,84
1962,71,92
1963,71,99
1964,71,76
1965,71,85
1966,71,99
1967,71,92
1968,71,93
1969,71,82
1970,71,82
1971,71,87
1972,71,93
1973,71,75
1974,71,96
1975,71,91
1976,71,82
1977,71,83
1978,71,90
1979,71,84
1980,71,86
1981,71,86
1982,71,99
1983,71,93
1984,71,73
1985,71,89
1986,71,89
1987,71,95
1988,71,85
1989,71,96
1990,71,80
1991,71,93
1992,71,95
1993,71,96
1994,71,93
1995,71,93
1996,71,91
1997,71,98
1998,71,80
1999,71,68
2000,71,83
2001,71,87
2002,71,88
2003,71,83
2004,71,96
2005,71,90
2006,71,110
2007,71,86
2008,71,93
2009,71,94
2010,71,93
2011,71,82
2012,71,91
2013,71,82
2014,71,88
2015,71,86
2016,71,85
2017,71,88
2018,71,82
2019,71,94
2020,71,87
1941,72,95
1942,72,84
1943,72,93
1944,72,85
1945,72,101
1946,72,85
1947,72,79
1948,72,81
1949,72,90
1950,72,82
1951,72,104
1952,72,102
1953,72,95
1954,72,101
1955,72,104
1956,72,83
1957,72,87
1958,72,89
1959,72,83
1960,72,89
1961,72,84
1962,72,95
1963,72,104
1964,72,83
1965,72,73
1966,72,97
1967,72,78
1968,72,95
1969,72,96
1970,72,79
1971,72,81
1972,72,86
1973,72,82
1974,72,87
1975,72,88
1976,72,78
1977,72,80
1978,72,89
1979,72,98
1980,72,86
1981,72,93
1982,72,91
1983,72,99
1984,72,91
1985,72,89
1986,72,94
1987,72,102
1988,72,89
1989,72,82
1990,72,91
1991,72,84
1992,72,83
1993,72,95
1994,72,99
1995,72,117
1996,72,93
1997,72,89
1998,72,86
1999,72,91
2000,72,88
2001,72,96
2002,72,78
2003,72,103
2004,72,91
2005,72,85
2006,72,82
2007,72,93
2008,72,103
2009,72,90
2010,72,91
2011,72,85
2012,72,84
2013,72,96
2014,72,98
2015,72,94
2016,72,84
2017,72,88
2018,72,93
2019,72,81
2020,72,93
1941,73,93
1942,73,109
1943,73,82
1944,73,83
1945,73,87
1946,73,88
1947,73,88
1948,73,94
1949,73,85
1950,73,94
1951,73,92
1952,73,82
1953,73,75
1954,73,84
1955,73,94
1956,73,86
1957,73,80
1958,73,102
1959,73,79
1960,73,103
1961,73,92
1962,73,89
1963,73,90
1964,73,98
1965,73,85
1966,73,97
1967,73,110
1968,73,74
1969,73,84
1970,73,92
1971,73,103
1972,73,103
1973,73,72
1974,73,80
1975,73,88
1976,73,87
1977,73,75
1978,73,82
1979,73,98
1980,73,87
1981,73,92
1982,73,108
1983,73,103
1984,73,90
1985,73,95
1986,73,100
1987,73,84
1988,73,99
1989,73,90
1990,73,83
1991,73,84
1992,73,106
1993,73,91
1994,73,81
1995,73,82
1996,73,77
1997,73,97
1998,73,83
1999,73,90
2000,73,86
2001,73,73
2002,73,78
2003,73,89
2004,73,102
2005,73,87
2006,73,77
2007,73,100
2008,73,79
2009,73,80
2010,73,105
2011,73,83
2012,73,91
2013,73,92
2014,73,86
2015,73,85
2016,73,79
2017,73,76
2018,73,95
2019,73,86
2020,73,92
1941,74,87
1942,74,75
1943,74,76
1944,74,95
1945,74,73
1946,74,83
1947,74,102
1948,74,96
1949,74,87
1950,74,79
1951,74,71
1952,74,81
1953,74,92
1954,74,94
1955,74,96
1956,74,89
1957,74,93
1958,74,94
1959,74,91
1960,74,94
1961,74,95
1962,74,93
1963,74,110
1964,74,84
1965,74,89
1966,74,88
1967,74,84
1968,74,97
1969,74,82
1970,74,87
1971,74,80
1972,74,93
1973,74,84
1974,74,79
1975,74,90
1976,74,98
1977,74,94
1978,74,82
1979,74,96
1980,74,75
1981,74,104
1982,74,88
1983,74,89
1984,74,88
1985,74,67
1986,74,99
1987,74,79
1988,74,87
1989,74,103
1990,74,92
1991,74,86
1992,74,88
1993,74,70
1994,74,100
1995,74,91
1996,74,94
1997,74,101
1998,74,90
1999,74,81
2000,74,90
2001,74,110
2002,74,93
2003,74,115
2004,74,84
2005,74,105
2006,74,90
2007,74,88
2008,74,84
2009,74,90
2010,74,105
2011,74,87
2012,74,77
2013,74,80
2014,74,94
2015,74,95
2016,74,97
2017,74,82
2018,74,104
2019,74,95
2020,74,91
1941,75,80
1942,75,99
1943,75,86
1944,75,89
1945,75,101
1946,75,82
1947,75,83
1948,75,78
1949,75,86
1950,75,84
1951,75,101
1952,75,85
1953,75,93
1954,75,81
1955,75,74
1956,75,81
1957,75,83
1958,75,96
1959,75,78
1960,75,90
1961,75,107
1962,75,75
1963,75,88
1964,75,99
1965,75,107
1966,75,86
1967,75,93
1968,75,97
1969,75,76
1970,75,90
1971,75,87
1972,75,104
1973,75,93
1974,75,96
1975,75,98
1976,75,74
1977,75,88
1978,75,77
1979,75,84
1980,75,93
1981,75,88
1982,75,90
1983,75,92
1984,75,90
1985,75,87
1986,75,97
1987,75,82
1988,75,88
1989,75,89
1990,75,90
1991,75,92
1992,75,91
1993,75,94
1994,75,107
1995,75,99
1996,75,90
1997,75,96
1998,75,82
1999,75,77
2000,75,100
2001,75,99
2002,75,82
2003,75,75
2004,75,82
2005,75,71
2006,75,84
2007,75,94
2008,75,95
2009,75,97
2010,75,84
2011,75,79
2012,75,93
2013,75,98
2014,75,79
2015,75,95
2016,75,82
2017,75,95
2018,75,99
2019,75,93
2020,75,86
1941,76,78
1942,76,93
1943,76,94
1944,76,75
1945,76,81
1946,76,86
1947,76,83
1948,76,93
1949,76,85
1950,76,88
1951,76,88
1952,76,89
1953,76,89
1954,76,98
1955,76,81
1956,76,92
1957,76,86
1958,76,97
1959,76,65
1960,76,89
1961,76,86
1962,76,82
1963,76,93
1964,76,76
1965,76,71
1966,76,90
1967,76,93
1968,76,83
1969,76,85
1970,76,86
1971,76,99
1972,76,96
1973,76,89
1974,76,104
1975,76,72
1976,76,105
1977,76,88
1978,76,94
1979,76,86
1980,76,89
1981,76,89
1982,76,88
1983,76,85
1984,76,82
1985,76,104
1986,76,82
1987,76,83
1988,76,95
1989,76,100
1990,76,82
1991,76,93
1992,76,97
1993,76,81
1994,76,101
1995,76,83
1996,76,90
1997,76,104
1998,76,92
1999,76,94
2000,76,82
2001,76,95
2002,76,80
2003,76,105
2004,76,94
2005,76,98
2006,76,86
2007,76,83
2008,76,80
2009,76,77
2010,76,99
2011,76,86
2012,76,78
2013,76,89
2014,76,102
2015,76,85
2016,76,84
2017,76,86
2018,76,86
2019,76,86
2020,76,83
1941,77,82
1942,77,82
1943,77,93
1944,77,72
1945,77,83
1946,77,78
1947,77,96
1948,77,81
1949,77,89
1950,77,96
1951,77,84
1952,77,88
1953,77,103
1954,77,91
1955,77,85
1956,77,95
1957,77,90
1958,77,97
1959,77,92
1960,77,82
1961,77,89
1962,77,82
1963,77,90
1964,77,75
1965,77,94
1966,77,93
1967,77,80
1968,77,76
1969,77,91
1970,77,77
1971,77,97
1972,77,82
1973,77,101
1974,77,98
1975,77,96
1976,77,101
1977,77,98
1978,77,83
1979,77,77
1980,77,108
1981,77,89
1982,77,90
1983,77,89
1984,77,91
1985,77,101
1986,77,92
1987,77,89
1988,77,76
1989,77,100
1990,77,84
1991,77,93
1992,77,82
1993,77,89
1994,77,84
1995,77,84
1996,77,86
1997,77,82
1998,77,75
1999,77,91
2000,77,96
2001,77,94
2002,77,82
2003,77,94
2004,77,83
2005,77,101
2006,77,66
2007,77,82
2008,77,90
2009,77,92
2010,77,93
2011,77,84
2012,77,85
2013,77,102
2014,77,93
2015,77,90
2016,77,87
2017,77,80
2018,77,96
2019,77,105
2020,77,89
1941,78,91
1942,78,89
1943,78,91
1944,78,90
1945,78,80
1946,78,115
1947,78,97
1948,78,101
1949,78,80
1950,78,66
1951,78,92
1952,78,82
1953,78,81
1954,78,69
1955,78,104
1956,78,94
1957,78,84
1958,78,89
1959,78,92
1960,78,80
1961,78,84
1962,78,103
1963,78,102
1964,78,83
1965,78,82
1966,78,84
1967,78,78
1968,78,92
1969,78,87
1970,78,86
1971,78,91
1972,78,110
1973,78,93
1974,78,77
1975,78,90
1976,78,91
1977,78,100
1978,78,102
1979,78,93
1980,78,83
1981,78,80
1982,78,85
1983,78,75
1984,78,89
1985,78,86
1986,78,92
1987,78,86
1988,78,91
1989,78,90
1990,78,89
1991,78,90
1992,78,93
1993,78,76
1994,78,93
1995,78,87
1996,78,95
1997,78,90
1998,78,93
1999,78,76
2000,78,92
2001,78,87
2002,78,94
2003,78,93
2004,78,74
2005,78,91
2006,78,86
2007,78,91
2008,78,81
2009,78,81
2010,78,92
2011,78,85
2012,78,87
2013,78,93
2014,78,75
2015,78,75
2016,78,99
2017,78,90
2018,78,91
2019,78,86
2020,78,77
1941,79,92
1942,79,96
1943,79,93
1944,79,81
1945,79,103
1946,79,103
1947,79,91
1948,79,103
1949,79,79
1950,79,91
1951,79,78
1952,79,93
1953,79,84
1954,79,96
1955,79,98
1956,79,85
1957,79,75
1958,79,83
1959,79,93
1960,79,87
1961,79,87
1962,79,89
1963,79,88
1964,79,86
1965,79,97
1966,79,95
1967,79,88
1968,79,104
1969,79,97
1970,79,97
1971,79,93
1972,79,98
1973,79,81
1974,79,88
1975,79,94
1976,79,98
1977,79,86
1978,79,88
1979,79,101
1980,79,89
1981,79,88
1982,79,84
1983,79,82
1984,79,88
1985,79,83
1986,79,76
1987,79,99
1988,79,86
1989,79,82
1990,79,67
1991,79,93
1992,79,104
1993,79,95
1994,79,100
1995,79,93
1996,79,80
1997,79,76
1998,79,79
1999,79,94
2000,79,87
2001,79,89
2002,79,90
2003,79,73
2004,79,104
2005,79,92
2006,79,88
2007,79,96
2008,79,95
2009,79,85
2010,79,93
2011,79,80
2012,79,94
2013,79,84
2014,79,82
2015,79,98
2016,79,93
2017,79,88
2018,79,84
2019,79,99
2020,79,93
1941,80,92
1942,80,85
1943,80,78
1944,80,104
1945,80,90
1946,80,102
1947,80,94
1948,80,82
1949,80,90
1950,80,77
1951,80,89
1952,80,90
1953,80,92
1954,80,79
1955,80,103
1956,80,87
1957,80,82
1958,80,79
1959,80,85
1960,80,100
1961,80,99
1962,80,89
1963,80,103
1964,80,88
1965,80,98
1966,80,93
1967,80,93
1968,80,95
1969,80,91
1970,80,114
1971,80,83
1972,80,82
1973,80,86
1974,80,90
1975,80,81
1976,80,75
1977,80,86
1978,80,82
1979,80,73
1980,80,88
1981,80,77
1982,80,82
1983,80,87
1984,80,84
1985,80,103
1986,80,80
1987,80,85
1988,80,73
1989,80,78
1990,80,92
1991,80,104
1992,80,88
1993,80,87
1994,80,91
1995,80,93
1996,80,91
1997,80,81
1998,80,85
1999,80,95
2000,80,90
2001,80,94
2002,80,88
2003,80,82
2004,80,94
2005,80,92
2006,80,87
2007,80,82
2008,80,98
2009,80,94
2010,80,76
2011,80,82
2012,80,85
2013,80,79
2014,80,96
2015,80,99
2016,80,86
2017,80,82
2018,80,82
2019,80,93
2020,80,81
1941,81,86
1942,81,82
1943,81,71
1944,81,71
1945,81,79
1946,81,76
1947,81,84
1948,81,86
1949,81,100
1950,81,93
1951,81,90
1952,81,82
1953,81,101
1954,81,85
1955,81,80
1956,81,84
1957,81,84
1958,81,86
1959,81,78
1960,81,84
1961,81,82
1962,81,82
1963,81,92
1964,81,85
1965,81,100
1966,81,84
1967,81,82
1968,81,82
1969,81,84
1970,81,105
1971,81,92
1972,81,98
1973,81,93
1974,81,93
1975,81,81
1976,81,102
1977,81,82
1978,81,99
1979,81,71
1980,81,84
1981,81,92
1982,81,108
1983,81,97
1984,81,96
1985,81,108
1986,81,89
1987,81,91
1988,81,89
1989,81,82
1990,81,73
1991,81,96
1992,81,95
1993,81,71
1994,81,93
1995,81,92
1996,81,92
1997,81,84
1998,81,81
1999,81,98
2000,81,93
2001,81,95
2002,81,91
2003,81,72
2004,81,88
2005,81,90
2006,81,73
2007,81,100
2008,81,76
2009,81,95
2010,81,85
2011,81,81
2012,81,88
2013,81,82
2014,81,81
2015,81,89
2016,81,85
2017,81,78
2018,81,92
2019,81,94
2020,81,89
1941,82,107
1942,82,84
1943,82,86
1944,82,97
1945,82,85
1946,82,88
1947,82,81
1948,82,93
1949,82,99
1950,82,104
1951,82,93
1952,82,75
1953,82,89
1954,82,79
1955,82,82
1956,82,89
1957,82,79
1958,82,80
1959,82,84
1960,82,87
1961,82,93
1962,82,83
1963,82,89
1964,82,85
1965,82,96
1966,82,74
1967,82,68
1968,82,95
1969,82,93
1970,82,91
1971,82,81
1972,82,83
1973,82,84
1974,82,101
1975,82,93
1976,82,92
1977,82,97
1978,82,77
1979,82,98
1980,82,79
1981,82,89
1982,82,94
1983,82,84
1984,82,87
1985,82,88
1986,82,94
1987,82,88
1988,82,82
1989,82,94
1990,82,79
1991,82,95
1992,82,93
1993,82,76
1994,82,97
1995,82,102
1996,82,92
1997,82,93
1998,82,87
1999,82,84
2000,82,88
2001,82,87
2002,82,71
2003,82,83
2004,82,88
2005,82,91
2006,82,86
2007,82,96
2008,82,75
2009,82,93
2010,82,101
2011,82,94
2012,82,80
2013,82,84
2014,82,101
2015,82,84
2016,82,74
2017,82,87
2018,82,89
2019,82,72
2020,82,80
1941,83,93
1942,83,83
1943,83,82
1944,83,89
1945,83,93
1946,83,79
1947,83,93
1948,83,98
1949,83,89
1950,83,87
1951,83,79
1952,83,84
1953,83,89
1954,83,100
1955,83,88
1956,83,84
1957,83,88
1958,83,78
1959,83,99
1960,83,84
1961,83,78
1962,83,92
1963,83,82
1964,83,84
1965,83,86
1966,83,101
1967,83,94
1968,83,88
1969,83,97
1970,83,80
1971,83,100
1972,83,99
1973,83,82
1974,83,80
1975,83,82
1976,83,85
1977,83,105
1978,83,86
1979,83,82
1980,83,87
1981,83,86
1982,83,84
1983,83,93
1984,83,75
1985,83,88
1986,83,82
1987,83,97
1988,83,98
1989,83,89
1990,83,77
1991,83,81
1992,83,101
1993,83,94
1994,83,90
1995,83,90
1996,83,100
1997,83,97
1998,83,85
1999,83,87
2000,83,99
2001,83,85
2002,83,87
2003,83,83
2004,83,98
2005,83,97
2006,83,85
2007,83,92
2008,83,81
2009,83,92
2010,83,96
2011,83,95
2012,83,83
2013,83,83
2014,83,87
2015,83,93
2016,83,85
2017,83,72
2018,83,96
2019,83,88
2020,83,93
1941,84,92
1942,84,96
1943,84,91
1944,84,72
1945,84,117
1946,84,73
1947,84,94
1948,84,89
1949,84,82
1950,84,92
1951,84,89
1952,84,82
1953,84,89
1954,84,98
1955,84,83
1956,84,97
1957,84,92
1958,84,91
1959,84,92
1960,84,85
1961,84,92
1962,84,92
1963,84,90
1964,84,93
1965,84,103
1966,84,80
1967,84,82
1968,84,101
1969,84,93
1970,84,96
1971,84,91
1972,84,74
1973,84,82
1974,84,102
1975,84,76
1976,84,92
1977,84,93
1978,84,77
1979,84,95
1980,84,96
1981,84,93
1982,84,100
1983,84,89
1984,84,93
1985,84,97
1986,84,93
1987,84,91
1988,84,76
1989,84,88
1990,84,94
1991,84,89
1992,84,96
1993,84,80
1994,84,97
1995,84,94
1996,84,79
1997,84,97
1998,84,86
1999,84,83
2000,84,85
2001,84,85
2002,84,91
2003,84,81
2004,84,90
2005,84,87
2006,84,93
2007,84,95
2008,84,88
2009,84,88
2010,84,93
2011,84,83
2012,84,91
2013,84,75
2014,84,101
2015,84,95
2016,84,94
2017,84,80
2018,84,95
2019,84,82
2020,84,87
1941,85,88
1942,85,102
1943,85,85
1944,85,98
1945,85,99
1946,85,88
1947,85,88
1948,85,96
1949,85,90
1950,85,89
1951,85,87
1952,85,83
1953,85,79
1954,85,84
1955,85,88
1956,85,85
1957,85,90
1958,85,89
1959,85,95
1960,85,93
1961,85,74
1962,85,92
1963,85,88
1964,85,92
1965,85,85
1966,85,99
1967,85,82
1968,85,82
1969,85,93
1970,85,94
1971,85,82
1972,85,82
1973,85,93
1974,85,89
1975,85,82
1976,85,79
1977,85,100
1978,85,84
1979,85,95
1980,85,75
1981,85,93
1982,85,94
1983,85,93
1984,85,84
1985,85,86
1986,85,83
1987,85,96
1988,85,101
1989,85,104
1990,85,93
1991,85,96
1992,85,93
1993,85,100
1994,85,81
1995,85,99
1996,85,99
1997,85,68
1998,85,88
1999,85,82
2000,85,72
2001,85,88
2002,85,86
2003,85,93
2004,85,86
2005,85,85
2006,85,88
2007,85,103
2008,85,82
2009,85,103
2010,85,90
2011,85,111
2012,85,96
2013,85,69
2014,85,106
2015,85,86
2016,85,85
2017,85,100
2018,85,91
2019,85,78
2020,85,82
1941,86,89
1942,86,80
1943,86,85
1944,86,99
1945,86,85
1946,86,94
1947,86,89
1948,86,85
1949,86,71
1950,86,89
1951,86,90
1952,86,75
1953,86,94
1954,86,82
1955,86,88
1956,86,83
1957,86,94
1958,86,92
1959,86,82
1960,86,87
1961,86,72
1962,86,89
1963,86,92
1964,86,83
1965,86,71
1966,86,100
1967,86,105
1968,86,75
1969,86,91
1970,86,83
1971,86,88
1972,86,83
1973,86,104
1974,86,97
1975,86,81
1976,86,82
1977,86,88
1978,86,82
1979,86,88
1980,86,96
1981,86,85
1982,86,109
1983,86,95
1984,86,81
1985,86,90
1986,86,93
1987,86,79
1988,86,98
1989,86,93
1990,86,85
1991,86,84
1992,86,110
1993,86,97
1994,86,87
1995,86,101
1996,86,84
1997,86,71
1998,86,93
1999,86,82
2000,86,93
2001,86,90
2002,86,95
2003,86,84
2004,86,82
2005,86,93
2006,86,75
2007,86,96
2008,86,83
2009,86,92
2010,86,118
2011,86,90
2012,86,82
2013,86,87
2014,86,104
2015,86,96
2016,86,91
2017,86,99
2018,86,84
2019,86,89
2020,86,90
1941,87,71
1942,87,95
1943,87,72
1944,87,100
1945,87,102
1946,87,83
1947,87,87
1948,87,104
1949,87,87
1950,87,77
1951,87,85
1952,87,88
1953,87,95
1954,87,88
1955,87,82
1956,87,95
1957,87,82
1958,87,99
1959,87,92
1960,87,83
1961,87,82
1962,87,93
1963,87,100
1964,87,92
1965,87,83
1966,87,95
1967,87,93
1968,87,77
1969,87,98
1970,87,93
1971,87,82
1972,87,93
1973,87,83
1974,87,94
1975,87,90
1976,87,78
1977,87,95
1978,87,90
1979,87,82
1980,87,99
1981,87,103
1982,87,80
1983,87,74
1984,87,93
1985,87,84
1986,87,88
1987,87,78
1988,87,84
1989,87,93
1990,87,96
1991,87,92
1992,87,104
1993,87,82
1994,87,88
1995,87,93
1996,87,92
1997,87,87
1998,87,89
1999,87,85
2000,87,84
2001,87,95
2002,87,99
2003,87,83
2004,87,85
2005,87,104
2006,87,88
2007,87,91
2008,87,80
2009,87,89
2010,87,85
2011,87,93
2012,87,83
2013,87,76
2014,87,96
2015,87,68
2016,87,78
2017,87,87
2018,87,92
2019,87,73
2020,87,87
1941,88,87
1942,88,96
1943,88,90
1944,88,72
1945,88,87
1946,88,80
1947,88,80
1948,88,82
1949,88,96
1950,88,101
1951,88,84
1952,88,77
1953,88,82
1954,88,96
1955,88,92
1956,88,84
1957,88,88
1958,88,71
1959,88,85
1960,88,91
1961,88,97
1962,88,112
1963,88,84
1964,88,87
1965,88,88
1966,88,91
1967,88,94
1968,88,93
1969,88,82
1970,88,93
1971,88,87
1972,88,79
1973,88,82
1974,88,89
1975,88,100
1976,88,105
1977,88,82
1978,88,95
1979,88,93
1980,88,92
1981,88,100
1982,88,94
1983,88,90
1984,88,89
1985,88,91
1986,88,88
1987,88,98
1988,88,85
1989,88,88
1990,88,81
1991,88,103
1992,88,82
1993,88,93
1994,88,89
1995,88,95
1996,88,94
1997,88,84
1998,88,84
1999,88,94
2000,88,88
2001,88,89
2002,88,89
2003,88,78
2004,88,91
2005,88,88
2006,88,88
2007,88,84
2008,88,93
2009,88,95
2010,88,75
2011,88,83
2012,88,82
2013,88,76
2014,88,81
2015,88,90
2016,88,92
2017,88,93
2018,88,103
2019,88,80
2020,88,93
1941,89,85
1942,89,84
1943,89,84
1944,89,89
1945,89,104
1946,89,87
1947,89,93
1948,89,97
1949,89,94
1950,89,95
1951,89,90
1952,89,95
1953,89,91
1954,89,82
1955,89,83
1956,89,86
1957,89,93
1958,89,94
1959,89,90
1960,89,93
1961,89,71
1962,89,98
1963,89,91
1964,89,89
1965,89,85
1966,89,93
1967,89,89
1968,89,80
1969,89,91
1970,89,83
1971,89,92
1972,89,82
1973,89,76
1974,89,84
1975,89,84
1976,89,82
1977,89,85
1978,89,81
1979,89,94
1980,89,83
1981,89,91
1982,89,82
1983,89,82
1984,89,87
1985,89,85
1986,89,91
1987,89,90
1988,89,89
1989,89,93
1990,89,85
1991,89,71
1992,89,105
1993,89,93
1994,89,84
1995,89,102
1996,89,83
1997,89,83
1998,89,80
1999,89,98
2000,89,97
2001,89,77
2002,89,82
2003,89,93
2004,89,92
2005,89,96
2006,89,79
2007,89,92
2008,89,83
2009,89,77
2010,89,106
2011,89,86
2012,89,103
2013,89,82
2014,89,82
2015,89,82
2016,89,99
2017,89,82
2018,89,87
2019,89,104
2020,89,88
1941,90,85
1942,90,86
1943,90,83
1944,90,97
1945,90,84
1946,90,89
1947,90,90
1948,90,79
1949,90,72
1950,90,82
1951,90,93
1952,90,75
1953,90,77
1954,90,82
1955,90,99
1956,90,105
1957,90,82
1958,90,89
1959,90,92
1960,90,86
1961,90,84
1962,90,78
1963,90,84
1964,90,95
1965,90,87
1966,90,85
1967,90,76
1968,90,104
1969,90,87
1970,90,82
1971,90,90
1972,90,91
1973,90,82
1974,90,81
1975,90,91
1976,90,77
1977,90,83
1978,90,85
1979,90,84
1980,90,101
1981,90,86
1982,90,80
1983,90,75
1984,90,94
1985,90,77
1986,90,103
1987,90,92
1988,90,81
1989,90,89
1990,90,99
1991,90,89
1992,90,92
1993,90,93
1994,90,97
1995,90,93
1996,90,93
1997,90,90
1998,90,79
1999,90,92
2000,90,96
2001,90,82
2002,90,87
2003,90,80
2004,90,88
2005,90,96
2006,90,86
2007,90,93
2008,90,92
2009,90,96
2010,90,99
2011,90,94
2012,90,82
2013,90,81
2014,90,88
2015,90,99
2016,90,82
2017,90,103
2018,90,78
2019,90,97
2020,90,82
