Longitude,Latitude,Data
2.5000,-87.5000,-0.00000
2.5000,-82.5000,-0.00000
2.5000,-77.5000,-0.00000
2.5000,-72.5000,-0.00000
2.5000,-67.5000,-0.00000
2.5000,-62.5000,-0.00000
2.5000,-57.5000,-0.00000
2.5000,-52.5000,-0.00000
2.5000,-47.5000,-0.00000
2.5000,-42.5000,-0.00000
2.5000,-37.5000,-0.00000
2.5000,-32.5000,-0.00000
2.5000,-27.5000,-0.00000
2.5000,-22.5000,-0.00000
2.5000,-17.5000,-0.00000
2.5000,-12.5000,-0.00000
2.5000,-7.5000,-0.00000
2.5000,-2.5000,-0.00000
2.5000,2.5000,-0.00000
2.5000,7.5000,-0.00000
2.5000,12.5000,-0.00000
2.5000,17.5000,-0.00000
2.5000,22.5000,-0.00000
2.5000,27.5000,-0.00000
2.5000,32.5000,-0.00000
2.5000,37.5000,-0.00000
2.5000,42.5000,-0.00000
2.5000,47.5000,-0.00000
2.5000,52.5000,-0.00000
2.5000,57.5000,-0.00000
2.5000,62.5000,-0.00000
2.5000,67.5000,-0.00000
2.5000,72.5000,-0.00000
2.5000,77.5000,-0.00000
2.5000,82.5000,-0.00000
2.5000,87.5000,-0.00000
7.5000,-87.5000,0.00000
7.5000,-82.5000,-0.00000
7.5000,-77.5000,-0.00000
7.5000,-72.5000,-0.00000
7.5000,-67.5000,-0.00000
7.5000,-62.5000,-0.00000
7.5000,-57.5000,-0.00000
7.5000,-52.5000,-0.00000
7.5000,-47.5000,-0.00000
7.5000,-42.5000,-0.00000
7.5000,-37.5000,-0.00000
7.5000,-32.5000,-0.00000
7.5000,-27.5000,-0.00000
7.5000,-22.5000,-0.00000
7.5000,-17.5000,-0.00000
7.5000,-12.5000,-0.00000
7.5000,-7.5000,-0.00000
7.5000,-2.5000,-0.00000
7.5000,2.5000,-0.00000
7.5000,7.5000,-0.00000
7.5000,12.5000,-0.00000
7.5000,17.5000,-0.00000
7.5000,22.5000,-0.00000
7.5000,27.5000,-0.00000
7.5000,32.5000,-0.00000
7.5000,37.5000,-0.00000
7.5000,42.5000,-0.00000
7.5000,47.5000,-0.00000
7.5000,52.5000,-0.00000
7.5000,57.5000,-0.00000
7.5000,62.5000,-0.00000
7.5000,67.5000,-0.00000
7.5000,72.5000,-0.00000
7.5000,77.5000,-0.00000
7.5000,82.5000,-0.00000
7.5000,87.5000,-0.00000
12.5000,-87.5000,-0.00000
12.5000,-82.5000,-0.00000
12.5000,-77.5000,-0.00000
12.5000,-72.5000,-0.00000
12.5000,-67.5000,-0.00000
12.5000,-62.5000,-0.00000
12.5000,-57.5000,-0.00000
12.5000,-52.5000,-0.00000
12.5000,-47.5000,-0.00000
12.5000,-42.5000,-0.00000
12.5000,-37.5000,-0.00000
12.5000,-32.5000,-0.00000
12.5000,-27.5000,-0.00000
12.5000,-22.5000,-0.00000
12.5000,-17.5000,-0.00000
12.5000,-12.5000,-0.00000
12.5000,-7.5000,-0.00000
12.5000,-2.5000,-0.00000
12.5000,2.5000,-0.00000
12.5000,7.5000,-0.00000
12.5000,12.5000,-0.00000
12.5000,17.5000,-0.00000
12.5000,22.5000,-0.00000
12.5000,27.5000,-0.00000
12.5000,32.5000,-0.00000
12.5000,37.5000,-0.00000
12.5000,42.5000,-0.00000
12.5000,47.5000,-0.00000
12.5000,52.5000,-0.00000
12.5000,57.5000,-0.00000
12.5000,62.5000,-0.00000
12.5000,67.5000,-0.00000
12.5000,72.5000,-0.00000
12.5000,77.5000,-0.00000
12.5000,82.5000,-0.00000
12.5000,87.5000,-0.00000
17.5000,-87.5000,-0.00000
17.5000,-82.5000,-0.00000
17.5000,-77.5000,-0.00000
17.5000,-72.5000,-0.00000
17.5000,-67.5000,-0.00000
17.5000,-62.5000,-0.00000
17.5000,-57.5000,-0.00000
17.5000,-52.5000,-0.00000
17.5000,-47.5000,-0.00000
17.5000,-42.5000,-0.00000
17.5000,-37.5000,-0.00000
17.5000,-32.5000,-0.00000
17.5000,-27.5000,-0.00000
17.5000,-22.5000,-0.00000
17.5000,-17.5000,-0.00000
17.5000,-12.5000,-0.00000
17.5000,-7.5000,-0.00000
17.5000,-2.5000,-0.00000
17.5000,2.5000,-0.00000
17.5000,7.5000,-0.00000
17.5000,12.5000,-0.00000
17.5000,17.5000,-0.00000
17.5000,22.5000,-0.00000
17.5000,27.5000,-0.00000
17.5000,32.5000,-0.00000
17.5000,37.5000,-0.00000
17.5000,42.5000,-0.00000
17.5000,47.5000,-0.00000
17.5000,52.5000,-0.00000
17.5000,57.5000,-0.00000
17.5000,62.5000,-0.00000
17.5000,67.5000,-0.00000
17.5000,72.5000,-0.00000
17.5000,77.5000,-0.00000
17.5000,82.5000,-0.00000
17.5000,87.5000,-0.00000
22.5000,-87.5000,-0.00000
22.5000,-82.5000,-0.00000
22.5000,-77.5000,-0.00000
22.5000,-72.5000,-0.00000
22.5000,-67.5000,-0.00000
22.5000,-62.5000,-0.00000
22.5000,-57.5000,-0.00000
22.5000,-52.5000,-0.00000
22.5000,-47.5000,-0.00000
22.5000,-42.5000,-0.00000
22.5000,-37.5000,-0.00000
22.5000,-32.5000,-0.00000
22.5000,-27.5000,-0.00000
22.5000,-22.5000,-0.00000
22.5000,-17.5000,-0.00000
22.5000,-12.5000,-0.00000
22.5000,-7.5000,-0.00000
22.5000,-2.5000,-0.00000
22.5000,2.5000,-0.00000
22.5000,7.5000,-0.00000
22.5000,12.5000,-0.00000
22.5000,17.5000,-0.00000
22.5000,22.5000,-0.00000
22.5000,27.5000,-0.00000
22.5000,32.5000,-0.00000
22.5000,37.5000,-0.00000
22.5000,42.5000,-0.00000
22.5000,47.5000,-0.00000
22.5000,52.5000,-0.00000
22.5000,57.5000,-0.00000
22.5000,62.5000,-0.00000
22.5000,67.5000,-0.00000
22.5000,72.5000,-0.00000
22.5000,77.5000,-0.00000
22.5000,82.5000,-0.00000
22.5000,87.5000,-0.00000
27.5000,-87.5000,-0.00000
27.5000,-82.5000,-0.00000
27.5000,-77.5000,-0.00000
27.5000,-72.5000,-0.00000
27.5000,-67.5000,-0.00000
27.5000,-62.5000,-0.00000
27.5000,-57.5000,-0.00000
27.5000,-52.5000,-0.00000
27.5000,-47.5000,-0.00000
27.5000,-42.5000,-0.00029
27.5000,-37.5000,-0.00252
27.5000,-32.5000,-0.00532
27.5000,-27.5000,-0.00574
27.5000,-22.5000,-0.00423
27.5000,-17.5000,-0.00167
27.5000,-12.5000,-0.00009
27.5000,-7.5000,-0.00000
27.5000,-2.5000,-0.00000
27.5000,2.5000,-0.00000
27.5000,7.5000,-0.00000
27.5000,12.5000,-0.00000
27.5000,17.5000,-0.00000
27.5000,22.5000,-0.00000
27.5000,27.5000,-0.00000
27.5000,32.5000,-0.00000
27.5000,37.5000,-0.00000
27.5000,42.5000,-0.00000
27.5000,47.5000,-0.00000
27.5000,52.5000,-0.00000
27.5000,57.5000,-0.00000
27.5000,62.5000,-0.00000
27.5000,67.5000,-0.00000
27.5000,72.5000,-0.00000
27.5000,77.5000,-0.00000
27.5000,82.5000,-0.00000
27.5000,87.5000,-0.00000
32.5000,-87.5000,-0.00000
32.5000,-82.5000,-0.00000
32.5000,-77.5000,-0.00000
32.5000,-72.5000,-0.00000
32.5000,-67.5000,-0.00000
32.5000,-62.5000,-0.00000
32.5000,-57.5000,-0.00000
32.5000,-52.5000,-0.00000
32.5000,-47.5000,-0.00000
32.5000,-42.5000,-0.00058
32.5000,-37.5000,-0.00603
32.5000,-32.5000,-0.01552
32.5000,-27.5000,-0.02839
32.5000,-22.5000,-0.03244
32.5000,-17.5000,-0.01509
32.5000,-12.5000,-0.00073
32.5000,-7.5000,0.00037
32.5000,-2.5000,0.00015
32.5000,2.5000,-0.00000
32.5000,7.5000,-0.00000
32.5000,12.5000,-0.00000
32.5000,17.5000,-0.00000
32.5000,22.5000,-0.00000
32.5000,27.5000,-0.00000
32.5000,32.5000,-0.00000
32.5000,37.5000,-0.00000
32.5000,42.5000,-0.00000
32.5000,47.5000,-0.00000
32.5000,52.5000,-0.00000
32.5000,57.5000,-0.00000
32.5000,62.5000,-0.00000
32.5000,67.5000,-0.00000
32.5000,72.5000,-0.00000
32.5000,77.5000,-0.00000
32.5000,82.5000,-0.00000
32.5000,87.5000,-0.00000
37.5000,-87.5000,-0.00000
37.5000,-82.5000,-0.00000
37.5000,-77.5000,-0.00000
37.5000,-72.5000,-0.00000
37.5000,-67.5000,-0.00000
37.5000,-62.5000,-0.00000
37.5000,-57.5000,-0.00000
37.5000,-52.5000,-0.00000
37.5000,-47.5000,0.00000
37.5000,-42.5000,-0.00115
37.5000,-37.5000,-0.00726
37.5000,-32.5000,-0.02046
37.5000,-27.5000,-0.05476
37.5000,-22.5000,-0.08903
37.5000,-17.5000,-0.07491
37.5000,-12.5000,-0.03519
37.5000,-7.5000,-0.00941
37.5000,-2.5000,-0.00071
37.5000,2.5000,-0.00022
37.5000,7.5000,0.00019
37.5000,12.5000,0.00037
37.5000,17.5000,0.00019
37.5000,22.5000,-0.00000
37.5000,27.5000,-0.00000
37.5000,32.5000,-0.00000
37.5000,37.5000,-0.00000
37.5000,42.5000,-0.00000
37.5000,47.5000,-0.00000
37.5000,52.5000,-0.00000
37.5000,57.5000,-0.00000
37.5000,62.5000,-0.00000
37.5000,67.5000,-0.00000
37.5000,72.5000,-0.00000
37.5000,77.5000,-0.00000
37.5000,82.5000,-0.00000
37.5000,87.5000,-0.00000
42.5000,-87.5000,-0.00000
42.5000,-82.5000,-0.00000
42.5000,-77.5000,-0.00000
42.5000,-72.5000,-0.00000
42.5000,-67.5000,-0.00000
42.5000,-62.5000,-0.00000
42.5000,-57.5000,-0.00000
42.5000,-52.5000,-0.00000
42.5000,-47.5000,0.00001
42.5000,-42.5000,-0.00249
42.5000,-37.5000,-0.00810
42.5000,-32.5000,-0.01520
42.5000,-27.5000,-0.04716
42.5000,-22.5000,-0.10443
42.5000,-17.5000,-0.13310
42.5000,-12.5000,-0.09459
42.5000,-7.5000,-0.02420
42.5000,-2.5000,0.00582
42.5000,2.5000,0.00145
42.5000,7.5000,0.00146
42.5000,12.5000,0.00314
42.5000,17.5000,0.00147
42.5000,22.5000,-0.00000
42.5000,27.5000,-0.00000
42.5000,32.5000,-0.00000
42.5000,37.5000,-0.00000
42.5000,42.5000,-0.00000
42.5000,47.5000,-0.00000
42.5000,52.5000,-0.00000
42.5000,57.5000,-0.00000
42.5000,62.5000,-0.00000
42.5000,67.5000,-0.00000
42.5000,72.5000,-0.00000
42.5000,77.5000,-0.00000
42.5000,82.5000,-0.00000
42.5000,87.5000,-0.00000
47.5000,-87.5000,-0.00000
47.5000,-82.5000,-0.00000
47.5000,-77.5000,-0.00000
47.5000,-72.5000,-0.00000
47.5000,-67.5000,-0.00000
47.5000,-62.5000,-0.00000
47.5000,-57.5000,-0.00000
47.5000,-52.5000,-0.00000
47.5000,-47.5000,-0.00016
47.5000,-42.5000,-0.00333
47.5000,-37.5000,-0.00913
47.5000,-32.5000,-0.00636
47.5000,-27.5000,-0.01529
47.5000,-22.5000,-0.06958
47.5000,-17.5000,-0.15330
47.5000,-12.5000,-0.14709
47.5000,-7.5000,-0.03444
47.5000,-2.5000,0.01781
47.5000,2.5000,0.00551
47.5000,7.5000,0.00605
47.5000,12.5000,0.00819
47.5000,17.5000,0.00084
47.5000,22.5000,-0.00474
47.5000,27.5000,-0.00171
47.5000,32.5000,-0.00000
47.5000,37.5000,-0.00000
47.5000,42.5000,-0.00000
47.5000,47.5000,-0.00000
47.5000,52.5000,-0.00000
47.5000,57.5000,-0.00000
47.5000,62.5000,-0.00000
47.5000,67.5000,-0.00000
47.5000,72.5000,-0.00000
47.5000,77.5000,-0.00000
47.5000,82.5000,-0.00000
47.5000,87.5000,-0.00000
52.5000,-87.5000,-0.00000
52.5000,-82.5000,-0.00000
52.5000,-77.5000,-0.00000
52.5000,-72.5000,-0.00000
52.5000,-67.5000,-0.00000
52.5000,-62.5000,0.00011
52.5000,-57.5000,0.00022
52.5000,-52.5000,-0.00003
52.5000,-47.5000,-0.00121
52.5000,-42.5000,-0.00551
52.5000,-37.5000,-0.01153
52.5000,-32.5000,-0.00371
52.5000,-27.5000,0.00422
52.5000,-22.5000,-0.02869
52.5000,-17.5000,-0.13695
52.5000,-12.5000,-0.17736
52.5000,-7.5000,-0.05741
52.5000,-2.5000,0.02081
52.5000,2.5000,0.02056
52.5000,7.5000,0.02256
52.5000,12.5000,0.01548
52.5000,17.5000,-0.00215
52.5000,22.5000,-0.01211
52.5000,27.5000,-0.00477
52.5000,32.5000,-0.00000
52.5000,37.5000,-0.00000
52.5000,42.5000,-0.00000
52.5000,47.5000,-0.00000
52.5000,52.5000,-0.00000
52.5000,57.5000,-0.00000
52.5000,62.5000,-0.00000
52.5000,67.5000,-0.00000
52.5000,72.5000,-0.00000
52.5000,77.5000,-0.00000
52.5000,82.5000,-0.00000
52.5000,87.5000,-0.00000
57.5000,-87.5000,-0.00000
57.5000,-82.5000,-0.00000
57.5000,-77.5000,-0.00000
57.5000,-72.5000,-0.00000
57.5000,-67.5000,-0.00000
57.5000,-62.5000,0.00045
57.5000,-57.5000,0.00112
57.5000,-52.5000,0.00084
57.5000,-47.5000,-0.00217
57.5000,-42.5000,-0.00818
57.5000,-37.5000,-0.01547
57.5000,-32.5000,-0.01572
57.5000,-27.5000,-0.00212
57.5000,-22.5000,0.01187
57.5000,-17.5000,-0.05522
57.5000,-12.5000,-0.12842
57.5000,-7.5000,-0.05977
57.5000,-2.5000,0.02336
57.5000,2.5000,0.04160
57.5000,7.5000,0.03146
57.5000,12.5000,0.00251
57.5000,17.5000,-0.01392
57.5000,22.5000,-0.01433
57.5000,27.5000,-0.00559
57.5000,32.5000,-0.00000
57.5000,37.5000,-0.00000
57.5000,42.5000,-0.00000
57.5000,47.5000,-0.00000
57.5000,52.5000,-0.00000
57.5000,57.5000,-0.00000
57.5000,62.5000,-0.00000
57.5000,67.5000,-0.00000
57.5000,72.5000,-0.00000
57.5000,77.5000,-0.00000
57.5000,82.5000,-0.00000
57.5000,87.5000,-0.00000
62.5000,-87.5000,-0.00000
62.5000,-82.5000,-0.00000
62.5000,-77.5000,-0.00000
62.5000,-72.5000,-0.00000
62.5000,-67.5000,-0.00000
62.5000,-62.5000,0.00056
62.5000,-57.5000,0.00159
62.5000,-52.5000,0.00172
62.5000,-47.5000,-0.00155
62.5000,-42.5000,-0.00628
62.5000,-37.5000,-0.01600
62.5000,-32.5000,-0.03254
62.5000,-27.5000,-0.02636
62.5000,-22.5000,0.00139
62.5000,-17.5000,-0.02861
62.5000,-12.5000,-0.07843
62.5000,-7.5000,-0.04311
62.5000,-2.5000,0.01276
62.5000,2.5000,0.02549
62.5000,7.5000,0.01452
62.5000,12.5000,-0.00168
62.5000,17.5000,-0.01062
62.5000,22.5000,-0.01000
62.5000,27.5000,-0.00331
62.5000,32.5000,-0.00000
62.5000,37.5000,-0.00000
62.5000,42.5000,-0.00000
62.5000,47.5000,-0.00000
62.5000,52.5000,-0.00000
62.5000,57.5000,-0.00000
62.5000,62.5000,-0.00000
62.5000,67.5000,-0.00000
62.5000,72.5000,-0.00000
62.5000,77.5000,-0.00000
62.5000,82.5000,-0.00000
62.5000,87.5000,-0.00000
67.5000,-87.5000,-0.00000
67.5000,-82.5000,-0.00000
67.5000,-77.5000,-0.00000
67.5000,-72.5000,-0.00000
67.5000,-67.5000,-0.00000
67.5000,-62.5000,0.00022
67.5000,-57.5000,0.00070
67.5000,-52.5000,0.00091
67.5000,-47.5000,-0.00006
67.5000,-42.5000,-0.00042
67.5000,-37.5000,-0.00801
67.5000,-32.5000,-0.03094
67.5000,-27.5000,-0.04015
67.5000,-22.5000,-0.03013
67.5000,-17.5000,-0.05444
67.5000,-12.5000,-0.09113
67.5000,-7.5000,-0.06847
67.5000,-2.5000,-0.02027
67.5000,2.5000,-0.01938
67.5000,7.5000,-0.01845
67.5000,12.5000,0.01614
67.5000,17.5000,0.01406
67.5000,22.5000,-0.00377
67.5000,27.5000,-0.00130
67.5000,32.5000,-0.00000
67.5000,37.5000,-0.00000
67.5000,42.5000,-0.00000
67.5000,47.5000,-0.00000
67.5000,52.5000,-0.00000
67.5000,57.5000,-0.00000
67.5000,62.5000,-0.00000
67.5000,67.5000,-0.00000
67.5000,72.5000,-0.00000
67.5000,77.5000,-0.00000
67.5000,82.5000,-0.00000
67.5000,87.5000,-0.00000
72.5000,-87.5000,-0.00000
72.5000,-82.5000,-0.00000
72.5000,-77.5000,-0.00000
72.5000,-72.5000,-0.00000
72.5000,-67.5000,-0.00000
72.5000,-62.5000,-0.00000
72.5000,-57.5000,0.00015
72.5000,-52.5000,0.00032
72.5000,-47.5000,0.00123
72.5000,-42.5000,0.00420
72.5000,-37.5000,0.00205
72.5000,-32.5000,-0.01634
72.5000,-27.5000,-0.03727
72.5000,-22.5000,-0.03346
72.5000,-17.5000,-0.04401
72.5000,-12.5000,-0.10068
72.5000,-7.5000,-0.10595
72.5000,-2.5000,-0.04433
72.5000,2.5000,-0.04037
72.5000,7.5000,-0.05274
72.5000,12.5000,-0.01022
72.5000,17.5000,0.00636
72.5000,22.5000,-0.00374
72.5000,27.5000,-0.00148
72.5000,32.5000,-0.00000
72.5000,37.5000,-0.00000
72.5000,42.5000,-0.00000
72.5000,47.5000,-0.00000
72.5000,52.5000,-0.00000
72.5000,57.5000,-0.00000
72.5000,62.5000,-0.00000
72.5000,67.5000,-0.00000
72.5000,72.5000,-0.00000
72.5000,77.5000,-0.00000
72.5000,82.5000,-0.00000
72.5000,87.5000,-0.00000
77.5000,-87.5000,-0.00000
77.5000,-82.5000,-0.00000
77.5000,-77.5000,-0.00000
77.5000,-72.5000,-0.00000
77.5000,-67.5000,-0.00000
77.5000,-62.5000,-0.00000
77.5000,-57.5000,0.00026
77.5000,-52.5000,0.00001
77.5000,-47.5000,0.00110
77.5000,-42.5000,0.00381
77.5000,-37.5000,0.00380
77.5000,-32.5000,-0.00647
77.5000,-27.5000,-0.03051
77.5000,-22.5000,-0.04307
77.5000,-17.5000,-0.06050
77.5000,-12.5000,-0.12072
77.5000,-7.5000,-0.12717
77.5000,-2.5000,-0.05440
77.5000,2.5000,-0.04448
77.5000,7.5000,-0.07944
77.5000,12.5000,-0.05544
77.5000,17.5000,-0.01284
77.5000,22.5000,-0.00184
77.5000,27.5000,-0.00165
77.5000,32.5000,-0.00000
77.5000,37.5000,-0.00000
77.5000,42.5000,-0.00000
77.5000,47.5000,-0.00000
77.5000,52.5000,-0.00000
77.5000,57.5000,-0.00000
77.5000,62.5000,-0.00000
77.5000,67.5000,-0.00000
77.5000,72.5000,-0.00000
77.5000,77.5000,-0.00000
77.5000,82.5000,-0.00000
77.5000,87.5000,-0.00000
82.5000,-87.5000,-0.00000
82.5000,-82.5000,-0.00000
82.5000,-77.5000,-0.00000
82.5000,-72.5000,-0.00000
82.5000,-67.5000,-0.00000
82.5000,-62.5000,-0.00011
82.5000,-57.5000,-0.00010
82.5000,-52.5000,-0.00066
82.5000,-47.5000,0.00049
82.5000,-42.5000,0.00116
82.5000,-37.5000,-0.00144
82.5000,-32.5000,-0.00839
82.5000,-27.5000,-0.02742
82.5000,-22.5000,-0.05316
82.5000,-17.5000,-0.07852
82.5000,-12.5000,-0.11747
82.5000,-7.5000,-0.11745
82.5000,-2.5000,-0.05994
82.5000,2.5000,-0.06612
82.5000,7.5000,-0.11244
82.5000,12.5000,-0.08064
82.5000,17.5000,-0.02039
82.5000,22.5000,-0.00218
82.5000,27.5000,-0.00200
82.5000,32.5000,-0.00000
82.5000,37.5000,-0.00000
82.5000,42.5000,-0.00000
82.5000,47.5000,-0.00000
82.5000,52.5000,-0.00000
82.5000,57.5000,-0.00000
82.5000,62.5000,-0.00000
82.5000,67.5000,-0.00000
82.5000,72.5000,-0.00000
82.5000,77.5000,-0.00000
82.5000,82.5000,-0.00000
82.5000,87.5000,-0.00000
87.5000,-87.5000,-0.00000
87.5000,-82.5000,-0.00000
87.5000,-77.5000,-0.00000
87.5000,-72.5000,-0.00000
87.5000,-67.5000,-0.00000
87.5000,-62.5000,-0.00037
87.5000,-57.5000,-0.00071
87.5000,-52.5000,-0.00063
87.5000,-47.5000,0.00020
87.5000,-42.5000,-0.00108
87.5000,-37.5000,-0.00550
87.5000,-32.5000,-0.00992
87.5000,-27.5000,-0.01788
87.5000,-22.5000,-0.04048
87.5000,-17.5000,-0.05519
87.5000,-12.5000,-0.06517
87.5000,-7.5000,-0.07279
87.5000,-2.5000,-0.05237
87.5000,2.5000,-0.07389
87.5000,7.5000,-0.11173
87.5000,12.5000,-0.07911
87.5000,17.5000,-0.03067
87.5000,22.5000,-0.00930
87.5000,27.5000,-0.00175
87.5000,32.5000,-0.00000
87.5000,37.5000,-0.00000
87.5000,42.5000,-0.00000
87.5000,47.5000,-0.00000
87.5000,52.5000,-0.00000
87.5000,57.5000,-0.00000
87.5000,62.5000,-0.00000
87.5000,67.5000,-0.00000
87.5000,72.5000,-0.00000
87.5000,77.5000,-0.00000
87.5000,82.5000,-0.00000
87.5000,87.5000,-0.00000
92.5000,-87.5000,-0.00000
92.5000,-82.5000,-0.00000
92.5000,-77.5000,-0.00000
92.5000,-72.5000,-0.00000
92.5000,-67.5000,-0.00000
92.5000,-62.5000,-0.00053
92.5000,-57.5000,-0.00126
92.5000,-52.5000,-0.00081
92.5000,-47.5000,-0.00065
92.5000,-42.5000,-0.00274
92.5000,-37.5000,-0.00461
92.5000,-32.5000,-0.00401
92.5000,-27.5000,-0.00440
92.5000,-22.5000,-0.02284
92.5000,-17.5000,-0.04208
92.5000,-12.5000,-0.04192
92.5000,-7.5000,-0.03574
92.5000,-2.5000,-0.02415
92.5000,2.5000,-0.03544
92.5000,7.5000,-0.05660
92.5000,12.5000,-0.04535
92.5000,17.5000,-0.02211
92.5000,22.5000,-0.00645
92.5000,27.5000,-0.00028
92.5000,32.5000,-0.00000
92.5000,37.5000,-0.00000
92.5000,42.5000,-0.00000
92.5000,47.5000,-0.00000
92.5000,52.5000,-0.00000
92.5000,57.5000,-0.00000
92.5000,62.5000,-0.00000
92.5000,67.5000,-0.00000
92.5000,72.5000,-0.00000
92.5000,77.5000,-0.00000
92.5000,82.5000,-0.00000
92.5000,87.5000,-0.00000
97.5000,-87.5000,-0.00000
97.5000,-82.5000,-0.00000
97.5000,-77.5000,-0.00000
97.5000,-72.5000,-0.00000
97.5000,-67.5000,-0.00000
97.5000,-62.5000,-0.00042
97.5000,-57.5000,-0.00141
97.5000,-52.5000,-0.00145
97.5000,-47.5000,-0.00151
97.5000,-42.5000,-0.00276
97.5000,-37.5000,-0.00238
97.5000,-32.5000,-0.00099
97.5000,-27.5000,-0.00155
97.5000,-22.5000,-0.01979
97.5000,-17.5000,-0.05526
97.5000,-12.5000,-0.05604
97.5000,-7.5000,-0.01937
97.5000,-2.5000,0.00202
97.5000,2.5000,-0.00023
97.5000,7.5000,-0.00929
97.5000,12.5000,-0.01037
97.5000,17.5000,-0.00369
97.5000,22.5000,-0.00018
97.5000,27.5000,0.00016
97.5000,32.5000,-0.00000
97.5000,37.5000,-0.00000
97.5000,42.5000,-0.00000
97.5000,47.5000,-0.00000
97.5000,52.5000,-0.00000
97.5000,57.5000,-0.00000
97.5000,62.5000,-0.00000
97.5000,67.5000,-0.00000
97.5000,72.5000,-0.00000
97.5000,77.5000,-0.00000
97.5000,82.5000,-0.00000
97.5000,87.5000,-0.00000
102.5000,-87.5000,-0.00000
102.5000,-82.5000,-0.00000
102.5000,-77.5000,-0.00000
102.5000,-72.5000,-0.00000
102.5000,-67.5000,-0.00000
102.5000,-62.5000,-0.00012
102.5000,-57.5000,-0.00070
102.5000,-52.5000,-0.00153
102.5000,-47.5000,-0.00223
102.5000,-42.5000,-0.00227
102.5000,-37.5000,-0.00115
102.5000,-32.5000,-0.00093
102.5000,-27.5000,-0.00344
102.5000,-22.5000,-0.02401
102.5000,-17.5000,-0.05846
102.5000,-12.5000,-0.05304
102.5000,-7.5000,-0.01409
102.5000,-2.5000,0.00616
102.5000,2.5000,0.00191
102.5000,7.5000,-0.01183
102.5000,12.5000,-0.01770
102.5000,17.5000,-0.01424
102.5000,22.5000,-0.00625
102.5000,27.5000,-0.00030
102.5000,32.5000,-0.00000
102.5000,37.5000,-0.00000
102.5000,42.5000,-0.00000
102.5000,47.5000,-0.00000
102.5000,52.5000,-0.00000
102.5000,57.5000,-0.00000
102.5000,62.5000,-0.00000
102.5000,67.5000,-0.00000
102.5000,72.5000,-0.00000
102.5000,77.5000,-0.00000
102.5000,82.5000,-0.00000
102.5000,87.5000,-0.00000
107.5000,-87.5000,-0.00000
107.5000,-82.5000,-0.00000
107.5000,-77.5000,-0.00000
107.5000,-72.5000,-0.00000
107.5000,-67.5000,-0.00000
107.5000,-62.5000,0.00013
107.5000,-57.5000,-0.00001
107.5000,-52.5000,-0.00086
107.5000,-47.5000,-0.00164
107.5000,-42.5000,-0.00144
107.5000,-37.5000,-0.00051
107.5000,-32.5000,-0.00263
107.5000,-27.5000,-0.02101
107.5000,-22.5000,-0.05121
107.5000,-17.5000,-0.05495
107.5000,-12.5000,-0.02710
107.5000,-7.5000,-0.00488
107.5000,-2.5000,0.00255
107.5000,2.5000,-0.02357
107.5000,7.5000,-0.07847
107.5000,12.5000,-0.08642
107.5000,17.5000,-0.04401
107.5000,22.5000,-0.01005
107.5000,27.5000,-0.00002
107.5000,32.5000,-0.00000
107.5000,37.5000,-0.00000
107.5000,42.5000,-0.00000
107.5000,47.5000,-0.00000
107.5000,52.5000,-0.00000
107.5000,57.5000,-0.00000
107.5000,62.5000,-0.00000
107.5000,67.5000,-0.00000
107.5000,72.5000,-0.00000
107.5000,77.5000,-0.00000
107.5000,82.5000,-0.00000
107.5000,87.5000,-0.00000
112.5000,-87.5000,-0.00000
112.5000,-82.5000,-0.00000
112.5000,-77.5000,-0.00000
112.5000,-72.5000,-0.00000
112.5000,-67.5000,0.00009
112.5000,-62.5000,0.00031
112.5000,-57.5000,0.00012
112.5000,-52.5000,-0.00017
112.5000,-47.5000,-0.00012
112.5000,-42.5000,-0.00021
112.5000,-37.5000,-0.00040
112.5000,-32.5000,-0.00506
112.5000,-27.5000,-0.03699
112.5000,-22.5000,-0.07768
112.5000,-17.5000,-0.06104
112.5000,-12.5000,-0.01463
112.5000,-7.5000,-0.00071
112.5000,-2.5000,-0.00271
112.5000,2.5000,-0.04597
112.5000,7.5000,-0.13097
112.5000,12.5000,-0.13153
112.5000,17.5000,-0.03881
112.5000,22.5000,0.01648
112.5000,27.5000,0.01050
112.5000,32.5000,0.00142
112.5000,37.5000,0.00125
112.5000,42.5000,0.00045
112.5000,47.5000,-0.00000
112.5000,52.5000,-0.00000
112.5000,57.5000,-0.00000
112.5000,62.5000,-0.00000
112.5000,67.5000,-0.00000
112.5000,72.5000,-0.00000
112.5000,77.5000,-0.00000
112.5000,82.5000,-0.00000
112.5000,87.5000,-0.00000
117.5000,-87.5000,-0.00000
117.5000,-82.5000,-0.00000
117.5000,-77.5000,-0.00000
117.5000,-72.5000,-0.00000
117.5000,-67.5000,0.00037
117.5000,-62.5000,0.00066
117.5000,-57.5000,0.00013
117.5000,-52.5000,-0.00009
117.5000,-47.5000,0.00020
117.5000,-42.5000,0.00014
117.5000,-37.5000,-0.00074
117.5000,-32.5000,-0.00435
117.5000,-27.5000,-0.01982
117.5000,-22.5000,-0.05418
117.5000,-17.5000,-0.05861
117.5000,-12.5000,-0.02180
117.5000,-7.5000,-0.00633
117.5000,-2.5000,-0.00617
117.5000,2.5000,-0.03269
117.5000,7.5000,-0.08793
117.5000,12.5000,-0.08282
117.5000,17.5000,-0.01318
117.5000,22.5000,0.02639
117.5000,27.5000,0.01106
117.5000,32.5000,-0.00011
117.5000,37.5000,0.00424
117.5000,42.5000,0.00255
117.5000,47.5000,0.00013
117.5000,52.5000,-0.00000
117.5000,57.5000,-0.00000
117.5000,62.5000,-0.00000
117.5000,67.5000,-0.00000
117.5000,72.5000,-0.00000
117.5000,77.5000,-0.00000
117.5000,82.5000,-0.00000
117.5000,87.5000,-0.00000
122.5000,-87.5000,-0.00000
122.5000,-82.5000,-0.00000
122.5000,-77.5000,-0.00000
122.5000,-72.5000,-0.00000
122.5000,-67.5000,0.00056
122.5000,-62.5000,0.00080
122.5000,-57.5000,-0.00008
122.5000,-52.5000,-0.00032
122.5000,-47.5000,-0.00000
122.5000,-42.5000,-0.00014
122.5000,-37.5000,-0.00094
122.5000,-32.5000,-0.00144
122.5000,-27.5000,-0.00086
122.5000,-22.5000,-0.01867
122.5000,-17.5000,-0.04209
122.5000,-12.5000,-0.03114
122.5000,-7.5000,-0.00915
122.5000,-2.5000,-0.00036
122.5000,2.5000,-0.01376
122.5000,7.5000,-0.02362
122.5000,12.5000,-0.00342
122.5000,17.5000,0.02334
122.5000,22.5000,0.02881
122.5000,27.5000,-0.00292
122.5000,32.5000,-0.01288
122.5000,37.5000,0.00599
122.5000,42.5000,0.00592
122.5000,47.5000,0.00061
122.5000,52.5000,-0.00000
122.5000,57.5000,-0.00000
122.5000,62.5000,-0.00000
122.5000,67.5000,-0.00000
122.5000,72.5000,-0.00000
122.5000,77.5000,-0.00000
122.5000,82.5000,-0.00000
122.5000,87.5000,-0.00000
127.5000,-87.5000,-0.00000
127.5000,-82.5000,-0.00000
127.5000,-77.5000,-0.00000
127.5000,-72.5000,-0.00000
127.5000,-67.5000,0.00047
127.5000,-62.5000,0.00052
127.5000,-57.5000,-0.00036
127.5000,-52.5000,-0.00041
127.5000,-47.5000,-0.00000
127.5000,-42.5000,-0.00029
127.5000,-37.5000,-0.00056
127.5000,-32.5000,0.00053
127.5000,-27.5000,0.00159
127.5000,-22.5000,-0.00399
127.5000,-17.5000,-0.01596
127.5000,-12.5000,-0.01490
127.5000,-7.5000,-0.00008
127.5000,-2.5000,0.00686
127.5000,2.5000,-0.00439
127.5000,7.5000,-0.00254
127.5000,12.5000,0.02221
127.5000,17.5000,0.05089
127.5000,22.5000,0.04651
127.5000,27.5000,-0.01648
127.5000,32.5000,-0.03801
127.5000,37.5000,-0.00569
127.5000,42.5000,0.00448
127.5000,47.5000,0.00152
127.5000,52.5000,0.00012
127.5000,57.5000,-0.00000
127.5000,62.5000,-0.00000
127.5000,67.5000,-0.00000
127.5000,72.5000,-0.00000
127.5000,77.5000,-0.00000
127.5000,82.5000,-0.00000
127.5000,87.5000,-0.00000
132.5000,-87.5000,-0.00000
132.5000,-82.5000,-0.00000
132.5000,-77.5000,-0.00000
132.5000,-72.5000,-0.00000
132.5000,-67.5000,0.00047
132.5000,-62.5000,0.00059
132.5000,-57.5000,-0.00022
132.5000,-52.5000,-0.00034
132.5000,-47.5000,-0.00000
132.5000,-42.5000,-0.00014
132.5000,-37.5000,-0.00014
132.5000,-32.5000,0.00062
132.5000,-27.5000,0.00107
132.5000,-22.5000,-0.00061
132.5000,-17.5000,0.00609
132.5000,-12.5000,0.01856
132.5000,-7.5000,0.01509
132.5000,-2.5000,0.00566
132.5000,2.5000,0.01190
132.5000,7.5000,0.03269
132.5000,12.5000,0.05560
132.5000,17.5000,0.05362
132.5000,22.5000,0.01049
132.5000,27.5000,-0.03354
132.5000,32.5000,-0.03770
132.5000,37.5000,-0.01743
132.5000,42.5000,-0.00184
132.5000,47.5000,0.00198
132.5000,52.5000,0.00128
132.5000,57.5000,0.00044
132.5000,62.5000,-0.00000
132.5000,67.5000,-0.00000
132.5000,72.5000,-0.00000
132.5000,77.5000,-0.00000
132.5000,82.5000,-0.00000
132.5000,87.5000,-0.00000
137.5000,-87.5000,-0.00000
137.5000,-82.5000,-0.00000
137.5000,-77.5000,-0.00000
137.5000,-72.5000,-0.00000
137.5000,-67.5000,0.00075
137.5000,-62.5000,0.00136
137.5000,-57.5000,0.00047
137.5000,-52.5000,-0.00014
137.5000,-47.5000,-0.00000
137.5000,-42.5000,-0.00000
137.5000,-37.5000,-0.00000
137.5000,-32.5000,0.00011
137.5000,-27.5000,0.00023
137.5000,-22.5000,-0.00138
137.5000,-17.5000,0.01623
137.5000,-12.5000,0.03888
137.5000,-7.5000,0.02309
137.5000,-2.5000,-0.00050
137.5000,2.5000,0.01862
137.5000,7.5000,0.08033
137.5000,12.5000,0.11833
137.5000,17.5000,0.05670
137.5000,22.5000,-0.02749
137.5000,27.5000,-0.02809
137.5000,32.5000,-0.00918
137.5000,37.5000,-0.00953
137.5000,42.5000,-0.00329
137.5000,47.5000,0.00181
137.5000,52.5000,0.00299
137.5000,57.5000,0.00121
137.5000,62.5000,-0.00000
137.5000,67.5000,-0.00000
137.5000,72.5000,-0.00000
137.5000,77.5000,-0.00000
137.5000,82.5000,-0.00000
137.5000,87.5000,-0.00000
142.5000,-87.5000,-0.00000
142.5000,-82.5000,-0.00000
142.5000,-77.5000,-0.00000
142.5000,-72.5000,-0.00000
142.5000,-67.5000,0.00084
142.5000,-62.5000,0.00168
142.5000,-57.5000,0.00084
142.5000,-52.5000,-0.00000
142.5000,-47.5000,-0.00000
142.5000,-42.5000,-0.00000
142.5000,-37.5000,-0.00008
142.5000,-32.5000,-0.00015
142.5000,-27.5000,0.00141
142.5000,-22.5000,-0.00356
142.5000,-17.5000,0.00338
142.5000,-12.5000,0.02501
142.5000,-7.5000,0.01820
142.5000,-2.5000,-0.00169
142.5000,2.5000,0.01160
142.5000,7.5000,0.07095
142.5000,12.5000,0.09366
142.5000,17.5000,0.02530
142.5000,22.5000,-0.03056
142.5000,27.5000,-0.02554
142.5000,32.5000,-0.01175
142.5000,37.5000,-0.00893
142.5000,42.5000,-0.00553
142.5000,47.5000,0.00024
142.5000,52.5000,0.00238
142.5000,57.5000,0.00109
142.5000,62.5000,-0.00001
142.5000,67.5000,-0.00000
142.5000,72.5000,-0.00000
142.5000,77.5000,-0.00000
142.5000,82.5000,-0.00000
142.5000,87.5000,-0.00000
147.5000,-87.5000,-0.00000
147.5000,-82.5000,-0.00000
147.5000,-77.5000,-0.00000
147.5000,-72.5000,0.00009
147.5000,-67.5000,0.00075
147.5000,-62.5000,0.00122
147.5000,-57.5000,0.00056
147.5000,-52.5000,-0.00009
147.5000,-47.5000,-0.00106
147.5000,-42.5000,-0.00099
147.5000,-37.5000,0.00190
147.5000,-32.5000,0.00282
147.5000,-27.5000,-0.00088
147.5000,-22.5000,-0.03299
147.5000,-17.5000,-0.06462
147.5000,-12.5000,-0.03462
147.5000,-7.5000,0.00136
147.5000,-2.5000,0.00355
147.5000,2.5000,0.02187
147.5000,7.5000,0.06342
147.5000,12.5000,0.05613
147.5000,17.5000,0.00520
147.5000,22.5000,-0.01761
147.5000,27.5000,-0.01718
147.5000,32.5000,-0.01267
147.5000,37.5000,-0.01323
147.5000,42.5000,-0.01141
147.5000,47.5000,-0.00330
147.5000,52.5000,0.00004
147.5000,57.5000,0.00043
147.5000,62.5000,-0.00002
147.5000,67.5000,-0.00000
147.5000,72.5000,-0.00000
147.5000,77.5000,-0.00000
147.5000,82.5000,-0.00000
147.5000,87.5000,-0.00000
152.5000,-87.5000,-0.00000
152.5000,-82.5000,-0.00000
152.5000,-77.5000,-0.00000
152.5000,-72.5000,0.00019
152.5000,-67.5000,0.00066
152.5000,-62.5000,0.00060
152.5000,-57.5000,-0.00015
152.5000,-52.5000,-0.00099
152.5000,-47.5000,-0.00244
152.5000,-42.5000,-0.00077
152.5000,-37.5000,0.00472
152.5000,-32.5000,0.00441
152.5000,-27.5000,-0.01245
152.5000,-22.5000,-0.08543
152.5000,-17.5000,-0.14268
152.5000,-12.5000,-0.07718
152.5000,-7.5000,-0.00341
152.5000,-2.5000,0.00585
152.5000,2.5000,0.03726
152.5000,7.5000,0.09707
152.5000,12.5000,0.09825
152.5000,17.5000,0.04672
152.5000,22.5000,0.01494
152.5000,27.5000,0.00628
152.5000,32.5000,0.00006
152.5000,37.5000,-0.00711
152.5000,42.5000,-0.00743
152.5000,47.5000,-0.00364
152.5000,52.5000,-0.00103
152.5000,57.5000,0.00028
152.5000,62.5000,-0.00002
152.5000,67.5000,-0.00000
152.5000,72.5000,-0.00000
152.5000,77.5000,-0.00000
152.5000,82.5000,-0.00000
152.5000,87.5000,-0.00000
157.5000,-87.5000,-0.00000
157.5000,-82.5000,-0.00000
157.5000,-77.5000,-0.00000
157.5000,-72.5000,0.00009
157.5000,-67.5000,-0.00001
157.5000,-62.5000,-0.00058
157.5000,-57.5000,-0.00114
157.5000,-52.5000,-0.00216
157.5000,-47.5000,-0.00228
157.5000,-42.5000,0.00108
157.5000,-37.5000,0.00289
157.5000,-32.5000,-0.00200
157.5000,-27.5000,-0.02589
157.5000,-22.5000,-0.10291
157.5000,-17.5000,-0.13592
157.5000,-12.5000,-0.04780
157.5000,-7.5000,0.01221
157.5000,-2.5000,0.00430
157.5000,2.5000,0.03484
157.5000,7.5000,0.10725
157.5000,12.5000,0.13767
157.5000,17.5000,0.09924
157.5000,22.5000,0.03835
157.5000,27.5000,-0.00272
157.5000,32.5000,-0.01605
157.5000,37.5000,-0.01163
157.5000,42.5000,-0.00064
157.5000,47.5000,0.00173
157.5000,52.5000,0.00036
157.5000,57.5000,0.00056
157.5000,62.5000,0.00004
157.5000,67.5000,-0.00000
157.5000,72.5000,-0.00000
157.5000,77.5000,-0.00000
157.5000,82.5000,-0.00000
157.5000,87.5000,-0.00000
162.5000,-87.5000,-0.00000
162.5000,-82.5000,-0.00000
162.5000,-77.5000,-0.00000
162.5000,-72.5000,-0.00014
162.5000,-67.5000,-0.00087
162.5000,-62.5000,-0.00152
162.5000,-57.5000,-0.00123
162.5000,-52.5000,-0.00183
162.5000,-47.5000,-0.00275
162.5000,-42.5000,-0.00271
162.5000,-37.5000,-0.00467
162.5000,-32.5000,-0.00840
162.5000,-27.5000,-0.02867
162.5000,-22.5000,-0.06432
162.5000,-17.5000,-0.05220
162.5000,-12.5000,0.00039
162.5000,-7.5000,0.01513
162.5000,-2.5000,0.00244
162.5000,2.5000,0.02888
162.5000,7.5000,0.08714
162.5000,12.5000,0.12135
162.5000,17.5000,0.11055
162.5000,22.5000,0.05426
162.5000,27.5000,-0.00027
162.5000,32.5000,-0.02154
162.5000,37.5000,-0.01782
162.5000,42.5000,0.00021
162.5000,47.5000,0.00609
162.5000,52.5000,0.00231
162.5000,57.5000,0.00072
162.5000,62.5000,0.00010
162.5000,67.5000,-0.00000
162.5000,72.5000,-0.00000
162.5000,77.5000,-0.00000
162.5000,82.5000,-0.00000
162.5000,87.5000,-0.00000
167.5000,-87.5000,-0.00000
167.5000,-82.5000,-0.00000
167.5000,-77.5000,-0.00000
167.5000,-72.5000,-0.00029
167.5000,-67.5000,-0.00102
167.5000,-62.5000,-0.00133
167.5000,-57.5000,-0.00066
167.5000,-52.5000,-0.00080
167.5000,-47.5000,-0.00321
167.5000,-42.5000,-0.00627
167.5000,-37.5000,-0.00855
167.5000,-32.5000,-0.00943
167.5000,-27.5000,-0.02187
167.5000,-22.5000,-0.01589
167.5000,-17.5000,0.01791
167.5000,-12.5000,0.01464
167.5000,-7.5000,-0.00387
167.5000,-2.5000,-0.00280
167.5000,2.5000,0.02622
167.5000,7.5000,0.06746
167.5000,12.5000,0.08985
167.5000,17.5000,0.09584
167.5000,22.5000,0.06147
167.5000,27.5000,0.01870
167.5000,32.5000,-0.00229
167.5000,37.5000,-0.00706
167.5000,42.5000,0.00181
167.5000,47.5000,0.00466
167.5000,52.5000,0.00235
167.5000,57.5000,0.00093
167.5000,62.5000,0.00022
167.5000,67.5000,-0.00000
167.5000,72.5000,-0.00000
167.5000,77.5000,-0.00000
167.5000,82.5000,-0.00000
167.5000,87.5000,-0.00000
172.5000,-87.5000,-0.00000
172.5000,-82.5000,-0.00000
172.5000,-77.5000,-0.00000
172.5000,-72.5000,-0.00014
172.5000,-67.5000,-0.00060
172.5000,-62.5000,-0.00084
172.5000,-57.5000,-0.00052
172.5000,-52.5000,-0.00101
172.5000,-47.5000,-0.00238
172.5000,-42.5000,-0.00210
172.5000,-37.5000,-0.00365
172.5000,-32.5000,-0.00943
172.5000,-27.5000,-0.01814
172.5000,-22.5000,-0.00138
172.5000,-17.5000,0.02446
172.5000,-12.5000,0.00518
172.5000,-7.5000,-0.01288
172.5000,-2.5000,-0.00305
172.5000,2.5000,0.02235
172.5000,7.5000,0.04734
172.5000,12.5000,0.06559
172.5000,17.5000,0.07679
172.5000,22.5000,0.04714
172.5000,27.5000,0.01841
172.5000,32.5000,0.01108
172.5000,37.5000,0.00581
172.5000,42.5000,0.00460
172.5000,47.5000,0.00209
172.5000,52.5000,0.00165
172.5000,57.5000,0.00157
172.5000,62.5000,0.00052
172.5000,67.5000,-0.00000
172.5000,72.5000,-0.00000
172.5000,77.5000,-0.00000
172.5000,82.5000,-0.00000
172.5000,87.5000,-0.00000
177.5000,-87.5000,-0.00000
177.5000,-82.5000,-0.00000
177.5000,-77.5000,-0.00000
177.5000,-72.5000,-0.00000
177.5000,-67.5000,-0.00015
177.5000,-62.5000,-0.00031
177.5000,-57.5000,-0.00054
177.5000,-52.5000,-0.00166
177.5000,-47.5000,-0.00246
177.5000,-42.5000,0.00150
177.5000,-37.5000,0.00281
177.5000,-32.5000,-0.00891
177.5000,-27.5000,-0.02095
177.5000,-22.5000,-0.00610
177.5000,-17.5000,0.01151
177.5000,-12.5000,0.00034
177.5000,-7.5000,-0.00480
177.5000,-2.5000,0.00394
177.5000,2.5000,0.01544
177.5000,7.5000,0.02112
177.5000,12.5000,0.03364
177.5000,17.5000,0.05361
177.5000,22.5000,0.03829
177.5000,27.5000,0.01602
177.5000,32.5000,0.01218
177.5000,37.5000,0.00998
177.5000,42.5000,0.00602
177.5000,47.5000,0.00160
177.5000,52.5000,0.00110
177.5000,57.5000,0.00165
177.5000,62.5000,0.00069
177.5000,67.5000,-0.00000
177.5000,72.5000,-0.00000
177.5000,77.5000,-0.00000
177.5000,82.5000,-0.00000
177.5000,87.5000,-0.00000
182.5000,-87.5000,-0.00000
182.5000,-82.5000,-0.00000
182.5000,-77.5000,-0.00000
182.5000,-72.5000,-0.00000
182.5000,-67.5000,-0.00000
182.5000,-62.5000,-0.00003
182.5000,-57.5000,-0.00043
182.5000,-52.5000,-0.00123
182.5000,-47.5000,-0.00199
182.5000,-42.5000,0.00217
182.5000,-37.5000,0.00705
182.5000,-32.5000,-0.00583
182.5000,-27.5000,-0.03160
182.5000,-22.5000,-0.02159
182.5000,-17.5000,0.01701
182.5000,-12.5000,0.02231
182.5000,-7.5000,0.00832
182.5000,-2.5000,0.00513
182.5000,2.5000,0.00777
182.5000,7.5000,0.00558
182.5000,12.5000,0.01548
182.5000,17.5000,0.04683
182.5000,22.5000,0.04739
182.5000,27.5000,0.01971
182.5000,32.5000,0.01005
182.5000,37.5000,0.01034
182.5000,42.5000,0.00601
182.5000,47.5000,0.00197
182.5000,52.5000,0.00094
182.5000,57.5000,0.00131
182.5000,62.5000,0.00069
182.5000,67.5000,-0.00000
182.5000,72.5000,-0.00000
182.5000,77.5000,-0.00000
182.5000,82.5000,-0.00000
182.5000,87.5000,-0.00000
187.5000,-87.5000,-0.00000
187.5000,-82.5000,-0.00000
187.5000,-77.5000,-0.00000
187.5000,-72.5000,-0.00000
187.5000,-67.5000,-0.00000
187.5000,-62.5000,-0.00008
187.5000,-57.5000,-0.00033
187.5000,-52.5000,-0.00060
187.5000,-47.5000,-0.00096
187.5000,-42.5000,0.00140
187.5000,-37.5000,0.00506
187.5000,-32.5000,-0.00626
187.5000,-27.5000,-0.03833
187.5000,-22.5000,-0.03865
187.5000,-17.5000,0.02037
187.5000,-12.5000,0.05080
187.5000,-7.5000,0.02111
187.5000,-2.5000,0.00086
187.5000,2.5000,0.00461
187.5000,7.5000,0.01211
187.5000,12.5000,0.02912
187.5000,17.5000,0.04695
187.5000,22.5000,0.03535
187.5000,27.5000,0.01130
187.5000,32.5000,0.00549
187.5000,37.5000,0.00610
187.5000,42.5000,0.00371
187.5000,47.5000,0.00158
187.5000,52.5000,0.00070
187.5000,57.5000,0.00109
187.5000,62.5000,0.00072
187.5000,67.5000,-0.00000
187.5000,72.5000,-0.00000
187.5000,77.5000,-0.00000
187.5000,82.5000,-0.00000
187.5000,87.5000,-0.00000
192.5000,-87.5000,-0.00000
192.5000,-82.5000,-0.00000
192.5000,-77.5000,-0.00000
192.5000,-72.5000,-0.00000
192.5000,-67.5000,-0.00001
192.5000,-62.5000,-0.00009
192.5000,-57.5000,-0.00019
192.5000,-52.5000,-0.00025
192.5000,-47.5000,-0.00059
192.5000,-42.5000,0.00092
192.5000,-37.5000,0.00195
192.5000,-32.5000,-0.00654
192.5000,-27.5000,-0.02681
192.5000,-22.5000,-0.03104
192.5000,-17.5000,0.01656
192.5000,-12.5000,0.05264
192.5000,-7.5000,0.02386
192.5000,-2.5000,-0.00089
192.5000,2.5000,0.00385
192.5000,7.5000,0.02589
192.5000,12.5000,0.05548
192.5000,17.5000,0.04669
192.5000,22.5000,0.01021
192.5000,27.5000,-0.00400
192.5000,32.5000,-0.00090
192.5000,37.5000,0.00025
192.5000,42.5000,0.00033
192.5000,47.5000,0.00007
192.5000,52.5000,-0.00006
192.5000,57.5000,0.00033
192.5000,62.5000,0.00013
192.5000,67.5000,-0.00015
192.5000,72.5000,-0.00000
192.5000,77.5000,-0.00000
192.5000,82.5000,-0.00000
192.5000,87.5000,-0.00000
197.5000,-87.5000,-0.00000
197.5000,-82.5000,-0.00000
197.5000,-77.5000,-0.00000
197.5000,-72.5000,-0.00000
197.5000,-67.5000,0.00010
197.5000,-62.5000,0.00020
197.5000,-57.5000,0.00016
197.5000,-52.5000,0.00015
197.5000,-47.5000,-0.00034
197.5000,-42.5000,0.00247
197.5000,-37.5000,0.00688
197.5000,-32.5000,0.00368
197.5000,-27.5000,-0.01062
197.5000,-22.5000,-0.01964
197.5000,-17.5000,0.00498
197.5000,-12.5000,0.02811
197.5000,-7.5000,0.01345
197.5000,-2.5000,-0.00024
197.5000,2.5000,0.00242
197.5000,7.5000,0.03001
197.5000,12.5000,0.06409
197.5000,17.5000,0.04488
197.5000,22.5000,0.00496
197.5000,27.5000,-0.00564
197.5000,32.5000,-0.00333
197.5000,37.5000,-0.00171
197.5000,42.5000,-0.00014
197.5000,47.5000,0.00167
197.5000,52.5000,0.00237
197.5000,57.5000,0.00093
197.5000,62.5000,-0.00040
197.5000,67.5000,-0.00029
197.5000,72.5000,-0.00000
197.5000,77.5000,-0.00000
197.5000,82.5000,-0.00000
197.5000,87.5000,-0.00000
202.5000,-87.5000,-0.00000
202.5000,-82.5000,-0.00000
202.5000,-77.5000,-0.00000
202.5000,-72.5000,0.00003
202.5000,-67.5000,0.00033
202.5000,-62.5000,0.00063
202.5000,-57.5000,0.00027
202.5000,-52.5000,-0.00093
202.5000,-47.5000,-0.00257
202.5000,-42.5000,0.00097
202.5000,-37.5000,0.01024
202.5000,-32.5000,0.01051
202.5000,-27.5000,-0.00703
202.5000,-22.5000,-0.02112
202.5000,-17.5000,-0.01109
202.5000,-12.5000,0.00228
202.5000,-7.5000,0.00223
202.5000,-2.5000,0.00026
202.5000,2.5000,0.00186
202.5000,7.5000,0.02624
202.5000,12.5000,0.04900
202.5000,17.5000,0.02481
202.5000,22.5000,-0.00185
202.5000,27.5000,-0.00490
202.5000,32.5000,-0.00392
202.5000,37.5000,-0.00165
202.5000,42.5000,0.00056
202.5000,47.5000,0.00387
202.5000,52.5000,0.00581
202.5000,57.5000,0.00338
202.5000,62.5000,0.00041
202.5000,67.5000,-0.00015
202.5000,72.5000,-0.00000
202.5000,77.5000,-0.00000
202.5000,82.5000,-0.00000
202.5000,87.5000,-0.00000
207.5000,-87.5000,-0.00000
207.5000,-82.5000,-0.00000
207.5000,-77.5000,-0.00000
207.5000,-72.5000,0.00008
207.5000,-67.5000,0.00038
207.5000,-62.5000,0.00047
207.5000,-57.5000,-0.00036
207.5000,-52.5000,-0.00288
207.5000,-47.5000,-0.00649
207.5000,-42.5000,-0.00454
207.5000,-37.5000,0.00313
207.5000,-32.5000,0.00095
207.5000,-27.5000,-0.01281
207.5000,-22.5000,-0.02143
207.5000,-17.5000,-0.01807
207.5000,-12.5000,-0.00848
207.5000,-7.5000,-0.00161
207.5000,-2.5000,0.00013
207.5000,2.5000,0.00136
207.5000,7.5000,0.01569
207.5000,12.5000,0.02216
207.5000,17.5000,0.00042
207.5000,22.5000,-0.01136
207.5000,27.5000,-0.00712
207.5000,32.5000,-0.00381
207.5000,37.5000,-0.00095
207.5000,42.5000,0.00017
207.5000,47.5000,0.00220
207.5000,52.5000,0.00379
207.5000,57.5000,0.00239
207.5000,62.5000,0.00045
207.5000,67.5000,-0.00000
207.5000,72.5000,-0.00000
207.5000,77.5000,-0.00000
207.5000,82.5000,-0.00000
207.5000,87.5000,-0.00000
212.5000,-87.5000,-0.00000
212.5000,-82.5000,-0.00000
212.5000,-77.5000,-0.00000
212.5000,-72.5000,0.00008
212.5000,-67.5000,0.00020
212.5000,-62.5000,-0.00003
212.5000,-57.5000,-0.00097
212.5000,-52.5000,-0.00212
212.5000,-47.5000,-0.00432
212.5000,-42.5000,-0.00573
212.5000,-37.5000,-0.00469
212.5000,-32.5000,-0.00824
212.5000,-27.5000,-0.01331
212.5000,-22.5000,-0.01469
212.5000,-17.5000,-0.01372
212.5000,-12.5000,-0.00696
212.5000,-7.5000,-0.00088
212.5000,-2.5000,-0.00000
212.5000,2.5000,0.00075
212.5000,7.5000,0.00230
212.5000,12.5000,-0.00012
212.5000,17.5000,-0.00637
212.5000,22.5000,-0.00865
212.5000,27.5000,-0.00625
212.5000,32.5000,-0.00340
212.5000,37.5000,-0.00174
212.5000,42.5000,-0.00085
212.5000,47.5000,0.00012
212.5000,52.5000,-0.00022
212.5000,57.5000,-0.00137
212.5000,62.5000,-0.00084
212.5000,67.5000,-0.00000
212.5000,72.5000,-0.00000
212.5000,77.5000,-0.00000
212.5000,82.5000,-0.00000
212.5000,87.5000,-0.00000
217.5000,-87.5000,-0.00000
217.5000,-82.5000,-0.00000
217.5000,-77.5000,-0.00000
217.5000,-72.5000,0.00003
217.5000,-67.5000,0.00003
217.5000,-62.5000,0.00001
217.5000,-57.5000,-0.00036
217.5000,-52.5000,0.00045
217.5000,-47.5000,0.00121
217.5000,-42.5000,-0.00287
217.5000,-37.5000,-0.00753
217.5000,-32.5000,-0.00888
217.5000,-27.5000,-0.00826
217.5000,-22.5000,-0.00736
217.5000,-17.5000,-0.00662
217.5000,-12.5000,-0.00290
217.5000,-7.5000,-0.00000
217.5000,-2.5000,-0.00000
217.5000,2.5000,0.00069
217.5000,7.5000,-0.00077
217.5000,12.5000,-0.00114
217.5000,17.5000,0.00036
217.5000,22.5000,-0.00278
217.5000,27.5000,-0.00385
217.5000,32.5000,-0.00272
217.5000,37.5000,-0.00314
217.5000,42.5000,-0.00183
217.5000,47.5000,-0.00039
217.5000,52.5000,-0.00106
217.5000,57.5000,-0.00210
217.5000,62.5000,-0.00105
217.5000,67.5000,-0.00000
217.5000,72.5000,-0.00000
217.5000,77.5000,-0.00000
217.5000,82.5000,-0.00000
217.5000,87.5000,-0.00000
222.5000,-87.5000,-0.00000
222.5000,-82.5000,-0.00000
222.5000,-77.5000,-0.00000
222.5000,-72.5000,-0.00000
222.5000,-67.5000,-0.00017
222.5000,-62.5000,-0.00006
222.5000,-57.5000,0.00090
222.5000,-52.5000,0.00206
222.5000,-47.5000,0.00171
222.5000,-42.5000,-0.00219
222.5000,-37.5000,-0.00704
222.5000,-32.5000,-0.00744
222.5000,-27.5000,-0.00465
222.5000,-22.5000,-0.00316
222.5000,-17.5000,-0.00247
222.5000,-12.5000,-0.00092
222.5000,-7.5000,-0.00000
222.5000,-2.5000,-0.00000
222.5000,2.5000,0.00020
222.5000,7.5000,0.00462
222.5000,12.5000,0.01257
222.5000,17.5000,0.00984
222.5000,22.5000,-0.00053
222.5000,27.5000,-0.00244
222.5000,32.5000,-0.00117
222.5000,37.5000,-0.00190
222.5000,42.5000,-0.00113
222.5000,47.5000,-0.00019
222.5000,52.5000,-0.00032
222.5000,57.5000,-0.00064
222.5000,62.5000,-0.00032
222.5000,67.5000,-0.00000
222.5000,72.5000,-0.00000
222.5000,77.5000,-0.00000
222.5000,82.5000,-0.00000
222.5000,87.5000,-0.00000
227.5000,-87.5000,-0.00000
227.5000,-82.5000,-0.00000
227.5000,-77.5000,-0.00000
227.5000,-72.5000,-0.00000
227.5000,-67.5000,-0.00040
227.5000,-62.5000,-0.00065
227.5000,-57.5000,0.00094
227.5000,-52.5000,0.00262
227.5000,-47.5000,0.00121
227.5000,-42.5000,-0.00149
227.5000,-37.5000,-0.00418
227.5000,-32.5000,-0.00500
227.5000,-27.5000,-0.00238
227.5000,-22.5000,-0.00075
227.5000,-17.5000,-0.00045
227.5000,-12.5000,-0.00000
227.5000,-7.5000,-0.00000
227.5000,-2.5000,-0.00000
227.5000,2.5000,-0.00101
227.5000,7.5000,0.00550
227.5000,12.5000,0.02222
227.5000,17.5000,0.01967
227.5000,22.5000,-0.00070
227.5000,27.5000,-0.00526
227.5000,32.5000,-0.00092
227.5000,37.5000,-0.00046
227.5000,42.5000,-0.00014
227.5000,47.5000,-0.00000
227.5000,52.5000,-0.00000
227.5000,57.5000,-0.00000
227.5000,62.5000,-0.00000
227.5000,67.5000,-0.00000
227.5000,72.5000,-0.00000
227.5000,77.5000,-0.00000
227.5000,82.5000,-0.00000
227.5000,87.5000,-0.00000
232.5000,-87.5000,-0.00000
232.5000,-82.5000,-0.00000
232.5000,-77.5000,-0.00000
232.5000,-72.5000,-0.00000
232.5000,-67.5000,-0.00040
232.5000,-62.5000,-0.00079
232.5000,-57.5000,0.00013
232.5000,-52.5000,0.00162
232.5000,-47.5000,0.00082
232.5000,-42.5000,-0.00197
232.5000,-37.5000,-0.00412
232.5000,-32.5000,-0.00377
232.5000,-27.5000,-0.00128
232.5000,-22.5000,-0.00001
232.5000,-17.5000,-0.00009
232.5000,-12.5000,-0.00000
232.5000,-7.5000,-0.00000
232.5000,-2.5000,-0.00000
232.5000,2.5000,-0.00140
232.5000,7.5000,0.00944
232.5000,12.5000,0.03449
232.5000,17.5000,0.02992
232.5000,22.5000,-0.00055
232.5000,27.5000,-0.00882
232.5000,32.5000,-0.00235
232.5000,37.5000,-0.00035
232.5000,42.5000,-0.00000
232.5000,47.5000,-0.00000
232.5000,52.5000,-0.00000
232.5000,57.5000,-0.00000
232.5000,62.5000,-0.00000
232.5000,67.5000,-0.00000
232.5000,72.5000,-0.00000
232.5000,77.5000,-0.00000
232.5000,82.5000,-0.00000
232.5000,87.5000,-0.00000
237.5000,-87.5000,-0.00000
237.5000,-82.5000,-0.00000
237.5000,-77.5000,-0.00000
237.5000,-72.5000,-0.00000
237.5000,-67.5000,-0.00031
237.5000,-62.5000,-0.00062
237.5000,-57.5000,-0.00033
237.5000,-52.5000,-0.00016
237.5000,-47.5000,-0.00134
237.5000,-42.5000,-0.00337
237.5000,-37.5000,-0.00379
237.5000,-32.5000,-0.00215
237.5000,-27.5000,-0.00053
237.5000,-22.5000,-0.00000
237.5000,-17.5000,-0.00000
237.5000,-12.5000,-0.00000
237.5000,-7.5000,-0.00000
237.5000,-2.5000,-0.00000
237.5000,2.5000,-0.00088
237.5000,7.5000,0.01611
237.5000,12.5000,0.04827
237.5000,17.5000,0.04369
237.5000,22.5000,0.00887
237.5000,27.5000,-0.00627
237.5000,32.5000,-0.00290
237.5000,37.5000,-0.00017
237.5000,42.5000,-0.00000
237.5000,47.5000,-0.00000
237.5000,52.5000,-0.00000
237.5000,57.5000,-0.00000
237.5000,62.5000,-0.00000
237.5000,67.5000,-0.00000
237.5000,72.5000,-0.00000
237.5000,77.5000,-0.00000
237.5000,82.5000,-0.00000
237.5000,87.5000,-0.00000
242.5000,-87.5000,-0.00000
242.5000,-82.5000,-0.00000
242.5000,-77.5000,-0.00000
242.5000,-72.5000,-0.00000
242.5000,-67.5000,-0.00031
242.5000,-62.5000,-0.00062
242.5000,-57.5000,-0.00046
242.5000,-52.5000,-0.00087
242.5000,-47.5000,-0.00193
242.5000,-42.5000,-0.00212
242.5000,-37.5000,-0.00119
242.5000,-32.5000,-0.00028
242.5000,-27.5000,-0.00000
242.5000,-22.5000,-0.00000
242.5000,-17.5000,-0.00000
242.5000,-12.5000,-0.00000
242.5000,-7.5000,-0.00000
242.5000,-2.5000,-0.00000
242.5000,2.5000,-0.00057
242.5000,7.5000,0.00736
242.5000,12.5000,0.03068
242.5000,17.5000,0.03607
242.5000,22.5000,0.01025
242.5000,27.5000,-0.00520
242.5000,32.5000,-0.00213
242.5000,37.5000,-0.00000
242.5000,42.5000,-0.00000
242.5000,47.5000,-0.00000
242.5000,52.5000,-0.00000
242.5000,57.5000,-0.00000
242.5000,62.5000,-0.00000
242.5000,67.5000,-0.00000
242.5000,72.5000,-0.00000
242.5000,77.5000,-0.00000
242.5000,82.5000,-0.00000
242.5000,87.5000,-0.00000
247.5000,-87.5000,-0.00000
247.5000,-82.5000,-0.00000
247.5000,-77.5000,-0.00000
247.5000,-72.5000,-0.00000
247.5000,-67.5000,-0.00031
247.5000,-62.5000,-0.00062
247.5000,-57.5000,-0.00038
247.5000,-52.5000,-0.00053
247.5000,-47.5000,-0.00093
247.5000,-42.5000,-0.00057
247.5000,-37.5000,-0.00010
247.5000,-32.5000,-0.00000
247.5000,-27.5000,-0.00000
247.5000,-22.5000,-0.00000
247.5000,-17.5000,-0.00000
247.5000,-12.5000,-0.00000
247.5000,-7.5000,-0.00000
247.5000,-2.5000,-0.00000
247.5000,2.5000,-0.00093
247.5000,7.5000,-0.00776
247.5000,12.5000,-0.01663
247.5000,17.5000,-0.01708
247.5000,22.5000,-0.01166
247.5000,27.5000,-0.00541
247.5000,32.5000,-0.00102
247.5000,37.5000,-0.00000
247.5000,42.5000,-0.00000
247.5000,47.5000,-0.00000
247.5000,52.5000,-0.00000
247.5000,57.5000,-0.00000
247.5000,62.5000,-0.00000
247.5000,67.5000,-0.00000
247.5000,72.5000,-0.00000
247.5000,77.5000,-0.00000
247.5000,82.5000,-0.00000
247.5000,87.5000,-0.00000
252.5000,-87.5000,-0.00000
252.5000,-82.5000,-0.00000
252.5000,-77.5000,-0.00000
252.5000,-72.5000,-0.00000
252.5000,-67.5000,-0.00031
252.5000,-62.5000,-0.00062
252.5000,-57.5000,-0.00031
252.5000,-52.5000,-0.00011
252.5000,-47.5000,0.00001
252.5000,-42.5000,0.00056
252.5000,-37.5000,0.00067
252.5000,-32.5000,0.00023
252.5000,-27.5000,-0.00000
252.5000,-22.5000,-0.00000
252.5000,-17.5000,-0.00000
252.5000,-12.5000,-0.00000
252.5000,-7.5000,-0.00000
252.5000,-2.5000,-0.00000
252.5000,2.5000,-0.00142
252.5000,7.5000,-0.01417
252.5000,12.5000,-0.04225
252.5000,17.5000,-0.04661
252.5000,22.5000,-0.01623
252.5000,27.5000,0.00072
252.5000,32.5000,-0.00016
252.5000,37.5000,-0.00000
252.5000,42.5000,-0.00000
252.5000,47.5000,-0.00000
252.5000,52.5000,-0.00000
252.5000,57.5000,-0.00000
252.5000,62.5000,-0.00000
252.5000,67.5000,-0.00000
252.5000,72.5000,-0.00000
252.5000,77.5000,-0.00000
252.5000,82.5000,-0.00000
252.5000,87.5000,-0.00000
257.5000,-87.5000,-0.00000
257.5000,-82.5000,-0.00000
257.5000,-77.5000,-0.00000
257.5000,-72.5000,-0.00000
257.5000,-67.5000,-0.00023
257.5000,-62.5000,-0.00046
257.5000,-57.5000,-0.00024
257.5000,-52.5000,0.00004
257.5000,-47.5000,0.00024
257.5000,-42.5000,0.00110
257.5000,-37.5000,0.00167
257.5000,-32.5000,0.00077
257.5000,-27.5000,-0.00000
257.5000,-22.5000,-0.00000
257.5000,-17.5000,-0.00000
257.5000,-12.5000,-0.00000
257.5000,-7.5000,-0.00000
257.5000,-2.5000,-0.00000
257.5000,2.5000,0.00029
257.5000,7.5000,-0.01082
257.5000,12.5000,-0.03206
257.5000,17.5000,-0.02750
257.5000,22.5000,-0.00316
257.5000,27.5000,0.00383
257.5000,32.5000,0.00043
257.5000,37.5000,-0.00000
257.5000,42.5000,-0.00000
257.5000,47.5000,-0.00000
257.5000,52.5000,-0.00000
257.5000,57.5000,-0.00000
257.5000,62.5000,-0.00000
257.5000,67.5000,-0.00000
257.5000,72.5000,-0.00000
257.5000,77.5000,-0.00000
257.5000,82.5000,-0.00000
257.5000,87.5000,-0.00000
262.5000,-87.5000,-0.00000
262.5000,-82.5000,-0.00000
262.5000,-77.5000,-0.00000
262.5000,-72.5000,-0.00000
262.5000,-67.5000,-0.00008
262.5000,-62.5000,-0.00015
262.5000,-57.5000,-0.00009
262.5000,-52.5000,0.00016
262.5000,-47.5000,-0.00004
262.5000,-42.5000,0.00043
262.5000,-37.5000,0.00169
262.5000,-32.5000,0.00104
262.5000,-27.5000,-0.00000
262.5000,-22.5000,-0.00000
262.5000,-17.5000,-0.00000
262.5000,-12.5000,-0.00000
262.5000,-7.5000,-0.00000
262.5000,-2.5000,-0.00000
262.5000,2.5000,0.00209
262.5000,7.5000,-0.00511
262.5000,12.5000,-0.01822
262.5000,17.5000,-0.00945
262.5000,22.5000,0.00764
262.5000,27.5000,0.00898
262.5000,32.5000,0.00308
262.5000,37.5000,0.00017
262.5000,42.5000,-0.00000
262.5000,47.5000,-0.00000
262.5000,52.5000,-0.00000
262.5000,57.5000,-0.00000
262.5000,62.5000,-0.00000
262.5000,67.5000,-0.00000
262.5000,72.5000,-0.00000
262.5000,77.5000,-0.00000
262.5000,82.5000,-0.00000
262.5000,87.5000,-0.00000
267.5000,-87.5000,-0.00000
267.5000,-82.5000,-0.00000
267.5000,-77.5000,-0.00000
267.5000,-72.5000,-0.00000
267.5000,-67.5000,-0.00000
267.5000,-62.5000,-0.00000
267.5000,-57.5000,0.00004
267.5000,-52.5000,0.00025
267.5000,-47.5000,0.00013
267.5000,-42.5000,0.00034
267.5000,-37.5000,0.00113
267.5000,-32.5000,0.00070
267.5000,-27.5000,-0.00000
267.5000,-22.5000,-0.00000
267.5000,-17.5000,-0.00000
267.5000,-12.5000,-0.00000
267.5000,-7.5000,-0.00000
267.5000,-2.5000,-0.00000
267.5000,2.5000,0.00144
267.5000,7.5000,-0.00204
267.5000,12.5000,-0.01288
267.5000,17.5000,-0.00372
267.5000,22.5000,0.01772
267.5000,27.5000,0.01415
267.5000,32.5000,0.00236
267.5000,37.5000,0.00024
267.5000,42.5000,-0.00000
267.5000,47.5000,-0.00000
267.5000,52.5000,-0.00000
267.5000,57.5000,-0.00000
267.5000,62.5000,-0.00000
267.5000,67.5000,-0.00000
267.5000,72.5000,-0.00000
267.5000,77.5000,-0.00000
267.5000,82.5000,-0.00000
267.5000,87.5000,-0.00000
272.5000,-87.5000,-0.00000
272.5000,-82.5000,-0.00000
272.5000,-77.5000,-0.00000
272.5000,-72.5000,-0.00000
272.5000,-67.5000,-0.00000
272.5000,-62.5000,-0.00000
272.5000,-57.5000,0.00012
272.5000,-52.5000,0.00030
272.5000,-47.5000,0.00048
272.5000,-42.5000,0.00073
272.5000,-37.5000,0.00062
272.5000,-32.5000,0.00019
272.5000,-27.5000,-0.00000
272.5000,-22.5000,-0.00000
272.5000,-17.5000,-0.00000
272.5000,-12.5000,-0.00000
272.5000,-7.5000,-0.00000
272.5000,-2.5000,-0.00000
272.5000,2.5000,0.00072
272.5000,7.5000,-0.00130
272.5000,12.5000,-0.01918
272.5000,17.5000,-0.02058
272.5000,22.5000,0.00819
272.5000,27.5000,0.01069
272.5000,32.5000,-0.00244
272.5000,37.5000,-0.00152
272.5000,42.5000,-0.00000
272.5000,47.5000,-0.00000
272.5000,52.5000,-0.00000
272.5000,57.5000,-0.00000
272.5000,62.5000,-0.00000
272.5000,67.5000,-0.00000
272.5000,72.5000,-0.00000
272.5000,77.5000,-0.00000
272.5000,82.5000,-0.00000
272.5000,87.5000,-0.00000
277.5000,-87.5000,-0.00000
277.5000,-82.5000,-0.00000
277.5000,-77.5000,-0.00000
277.5000,-72.5000,-0.00000
277.5000,-67.5000,-0.00000
277.5000,-62.5000,0.00002
277.5000,-57.5000,0.00016
277.5000,-52.5000,0.00026
277.5000,-47.5000,0.00042
277.5000,-42.5000,0.00060
277.5000,-37.5000,0.00030
277.5000,-32.5000,-0.00000
277.5000,-27.5000,-0.00000
277.5000,-22.5000,-0.00000
277.5000,-17.5000,-0.00000
277.5000,-12.5000,-0.00000
277.5000,-7.5000,-0.00000
277.5000,-2.5000,-0.00000
277.5000,2.5000,0.00035
277.5000,7.5000,-0.00468
277.5000,12.5000,-0.02739
277.5000,17.5000,-0.04221
277.5000,22.5000,-0.02424
277.5000,27.5000,-0.01131
277.5000,32.5000,-0.01286
277.5000,37.5000,-0.00657
277.5000,42.5000,-0.00061
277.5000,47.5000,-0.00000
277.5000,52.5000,-0.00000
277.5000,57.5000,-0.00000
277.5000,62.5000,-0.00000
277.5000,67.5000,-0.00000
277.5000,72.5000,-0.00000
277.5000,77.5000,-0.00000
277.5000,82.5000,-0.00000
277.5000,87.5000,-0.00000
282.5000,-87.5000,-0.00000
282.5000,-82.5000,-0.00000
282.5000,-77.5000,-0.00000
282.5000,-72.5000,-0.00000
282.5000,-67.5000,-0.00000
282.5000,-62.5000,0.00004
282.5000,-57.5000,0.00012
282.5000,-52.5000,0.00012
282.5000,-47.5000,0.00015
282.5000,-42.5000,0.00023
282.5000,-37.5000,0.00011
282.5000,-32.5000,-0.00000
282.5000,-27.5000,-0.00000
282.5000,-22.5000,-0.00000
282.5000,-17.5000,-0.00000
282.5000,-12.5000,-0.00000
282.5000,-7.5000,-0.00000
282.5000,-2.5000,-0.00000
282.5000,2.5000,-0.00000
282.5000,7.5000,-0.00417
282.5000,12.5000,-0.01650
282.5000,17.5000,-0.03753
282.5000,22.5000,-0.05442
282.5000,27.5000,-0.04913
282.5000,32.5000,-0.03099
282.5000,37.5000,-0.01462
282.5000,42.5000,-0.00371
282.5000,47.5000,-0.00017
282.5000,52.5000,-0.00000
282.5000,57.5000,-0.00000
282.5000,62.5000,-0.00000
282.5000,67.5000,-0.00000
282.5000,72.5000,-0.00000
282.5000,77.5000,-0.00000
282.5000,82.5000,-0.00000
282.5000,87.5000,-0.00000
287.5000,-87.5000,-0.00000
287.5000,-82.5000,-0.00000
287.5000,-77.5000,-0.00000
287.5000,-72.5000,-0.00000
287.5000,-67.5000,-0.00000
287.5000,-62.5000,0.00002
287.5000,-57.5000,0.00004
287.5000,-52.5000,0.00002
287.5000,-47.5000,-0.00000
287.5000,-42.5000,-0.00000
287.5000,-37.5000,-0.00000
287.5000,-32.5000,-0.00000
287.5000,-27.5000,-0.00000
287.5000,-22.5000,-0.00000
287.5000,-17.5000,-0.00000
287.5000,-12.5000,-0.00000
287.5000,-7.5000,-0.00000
287.5000,-2.5000,-0.00000
287.5000,2.5000,-0.00000
287.5000,7.5000,0.00021
287.5000,12.5000,-0.00857
287.5000,17.5000,-0.03788
287.5000,22.5000,-0.07262
287.5000,27.5000,-0.07588
287.5000,32.5000,-0.04583
287.5000,37.5000,-0.01915
287.5000,42.5000,-0.00710
287.5000,47.5000,-0.00162
287.5000,52.5000,-0.00021
287.5000,57.5000,-0.00000
287.5000,62.5000,-0.00000
287.5000,67.5000,-0.00000
287.5000,72.5000,-0.00000
287.5000,77.5000,-0.00000
287.5000,82.5000,-0.00000
287.5000,87.5000,-0.00000
292.5000,-87.5000,-0.00000
292.5000,-82.5000,-0.00000
292.5000,-77.5000,-0.00000
292.5000,-72.5000,-0.00000
292.5000,-67.5000,-0.00000
292.5000,-62.5000,-0.00000
292.5000,-57.5000,-0.00000
292.5000,-52.5000,-0.00000
292.5000,-47.5000,-0.00000
292.5000,-42.5000,-0.00000
292.5000,-37.5000,-0.00000
292.5000,-32.5000,-0.00000
292.5000,-27.5000,-0.00000
292.5000,-22.5000,-0.00000
292.5000,-17.5000,-0.00000
292.5000,-12.5000,-0.00000
292.5000,-7.5000,-0.00000
292.5000,-2.5000,-0.00000
292.5000,2.5000,-0.00000
292.5000,7.5000,0.00035
292.5000,12.5000,-0.01538
292.5000,17.5000,-0.04379
292.5000,22.5000,-0.06851
292.5000,27.5000,-0.07822
292.5000,32.5000,-0.04990
292.5000,37.5000,-0.01626
292.5000,42.5000,-0.00560
292.5000,47.5000,-0.00168
292.5000,52.5000,-0.00022
292.5000,57.5000,0.00008
292.5000,62.5000,0.00009
292.5000,67.5000,-0.00000
292.5000,72.5000,-0.00000
292.5000,77.5000,-0.00000
292.5000,82.5000,-0.00000
292.5000,87.5000,-0.00000
297.5000,-87.5000,-0.00000
297.5000,-82.5000,-0.00000
297.5000,-77.5000,-0.00000
297.5000,-72.5000,-0.00000
297.5000,-67.5000,-0.00000
297.5000,-62.5000,-0.00000
297.5000,-57.5000,-0.00000
297.5000,-52.5000,-0.00000
297.5000,-47.5000,-0.00000
297.5000,-42.5000,-0.00000
297.5000,-37.5000,-0.00000
297.5000,-32.5000,-0.00000
297.5000,-27.5000,-0.00000
297.5000,-22.5000,-0.00000
297.5000,-17.5000,-0.00000
297.5000,-12.5000,-0.00000
297.5000,-7.5000,-0.00000
297.5000,-2.5000,-0.00000
297.5000,2.5000,0.00016
297.5000,7.5000,-0.00089
297.5000,12.5000,-0.01213
297.5000,17.5000,-0.02641
297.5000,22.5000,-0.03672
297.5000,27.5000,-0.04118
297.5000,32.5000,-0.02570
297.5000,37.5000,-0.00554
297.5000,42.5000,0.00364
297.5000,47.5000,0.00387
297.5000,52.5000,0.00078
297.5000,57.5000,0.00045
297.5000,62.5000,0.00028
297.5000,67.5000,-0.00000
297.5000,72.5000,-0.00000
297.5000,77.5000,-0.00000
297.5000,82.5000,-0.00000
297.5000,87.5000,-0.00000
302.5000,-87.5000,-0.00000
302.5000,-82.5000,-0.00000
302.5000,-77.5000,-0.00000
302.5000,-72.5000,-0.00000
302.5000,-67.5000,-0.00000
302.5000,-62.5000,-0.00000
302.5000,-57.5000,-0.00000
302.5000,-52.5000,-0.00000
302.5000,-47.5000,-0.00000
302.5000,-42.5000,-0.00014
302.5000,-37.5000,-0.00027
302.5000,-32.5000,-0.00028
302.5000,-27.5000,-0.00029
302.5000,-22.5000,-0.00015
302.5000,-17.5000,-0.00000
302.5000,-12.5000,-0.00000
302.5000,-7.5000,-0.00000
302.5000,-2.5000,-0.00000
302.5000,2.5000,0.00062
302.5000,7.5000,0.00335
302.5000,12.5000,0.00157
302.5000,17.5000,-0.01160
302.5000,22.5000,-0.01787
302.5000,27.5000,-0.01286
302.5000,32.5000,-0.01221
302.5000,37.5000,-0.00242
302.5000,42.5000,0.01145
302.5000,47.5000,0.00821
302.5000,52.5000,0.00186
302.5000,57.5000,0.00151
302.5000,62.5000,0.00077
302.5000,67.5000,-0.00000
302.5000,72.5000,-0.00000
302.5000,77.5000,-0.00000
302.5000,82.5000,-0.00000
302.5000,87.5000,-0.00000
307.5000,-87.5000,-0.00000
307.5000,-82.5000,-0.00000
307.5000,-77.5000,-0.00000
307.5000,-72.5000,-0.00000
307.5000,-67.5000,-0.00000
307.5000,-62.5000,-0.00000
307.5000,-57.5000,-0.00000
307.5000,-52.5000,-0.00000
307.5000,-47.5000,0.00041
307.5000,-42.5000,0.00016
307.5000,-37.5000,-0.00195
307.5000,-32.5000,-0.00303
307.5000,-27.5000,-0.00163
307.5000,-22.5000,-0.00029
307.5000,-17.5000,-0.00000
307.5000,-12.5000,-0.00000
307.5000,-7.5000,-0.00000
307.5000,-2.5000,-0.00000
307.5000,2.5000,0.00094
307.5000,7.5000,0.01013
307.5000,12.5000,0.00735
307.5000,17.5000,-0.02316
307.5000,22.5000,-0.03475
307.5000,27.5000,-0.02841
307.5000,32.5000,-0.03019
307.5000,37.5000,-0.01437
307.5000,42.5000,0.00550
307.5000,47.5000,0.00619
307.5000,52.5000,0.00293
307.5000,57.5000,0.00259
307.5000,62.5000,0.00119
307.5000,67.5000,-0.00000
307.5000,72.5000,-0.00000
307.5000,77.5000,-0.00000
307.5000,82.5000,-0.00000
307.5000,87.5000,-0.00000
312.5000,-87.5000,-0.00000
312.5000,-82.5000,-0.00000
312.5000,-77.5000,-0.00000
312.5000,-72.5000,-0.00000
312.5000,-67.5000,-0.00000
312.5000,-62.5000,-0.00000
312.5000,-57.5000,-0.00000
312.5000,-52.5000,0.00030
312.5000,-47.5000,0.00176
312.5000,-42.5000,0.00070
312.5000,-37.5000,-0.00542
312.5000,-32.5000,-0.00771
312.5000,-27.5000,-0.00257
312.5000,-22.5000,0.00131
312.5000,-17.5000,0.00083
312.5000,-12.5000,-0.00000
312.5000,-7.5000,-0.00000
312.5000,-2.5000,-0.00000
312.5000,2.5000,0.00067
312.5000,7.5000,0.01011
312.5000,12.5000,-0.00143
312.5000,17.5000,-0.04314
312.5000,22.5000,-0.05151
312.5000,27.5000,-0.03320
312.5000,32.5000,-0.02444
312.5000,37.5000,-0.01438
312.5000,42.5000,-0.00327
312.5000,47.5000,0.00290
312.5000,52.5000,0.00372
312.5000,57.5000,0.00204
312.5000,62.5000,0.00059
312.5000,67.5000,-0.00000
312.5000,72.5000,-0.00000
312.5000,77.5000,-0.00000
312.5000,82.5000,-0.00000
312.5000,87.5000,-0.00000
317.5000,-87.5000,-0.00000
317.5000,-82.5000,-0.00000
317.5000,-77.5000,-0.00000
317.5000,-72.5000,-0.00000
317.5000,-67.5000,-0.00000
317.5000,-62.5000,-0.00000
317.5000,-57.5000,0.00052
317.5000,-52.5000,0.00180
317.5000,-47.5000,0.00343
317.5000,-42.5000,0.00128
317.5000,-37.5000,-0.00573
317.5000,-32.5000,-0.00763
317.5000,-27.5000,-0.00285
317.5000,-22.5000,0.00001
317.5000,-17.5000,0.00009
317.5000,-12.5000,-0.00000
317.5000,-7.5000,-0.00000
317.5000,-2.5000,-0.00000
317.5000,2.5000,0.00027
317.5000,7.5000,0.00229
317.5000,12.5000,-0.02119
317.5000,17.5000,-0.05265
317.5000,22.5000,-0.03826
317.5000,27.5000,-0.01346
317.5000,32.5000,-0.00758
317.5000,37.5000,-0.00623
317.5000,42.5000,-0.00407
317.5000,47.5000,-0.00032
317.5000,52.5000,0.00080
317.5000,57.5000,0.00003
317.5000,62.5000,-0.00031
317.5000,67.5000,-0.00000
317.5000,72.5000,-0.00000
317.5000,77.5000,-0.00000
317.5000,82.5000,-0.00000
317.5000,87.5000,-0.00000
322.5000,-87.5000,-0.00000
322.5000,-82.5000,-0.00000
322.5000,-77.5000,-0.00000
322.5000,-72.5000,-0.00000
322.5000,-67.5000,-0.00000
322.5000,-62.5000,-0.00000
322.5000,-57.5000,0.00103
322.5000,-52.5000,0.00271
322.5000,-47.5000,0.00318
322.5000,-42.5000,0.00132
322.5000,-37.5000,-0.00285
322.5000,-32.5000,-0.00458
322.5000,-27.5000,-0.00451
322.5000,-22.5000,-0.00491
322.5000,-17.5000,-0.00231
322.5000,-12.5000,-0.00000
322.5000,-7.5000,-0.00000
322.5000,-2.5000,-0.00000
322.5000,2.5000,-0.00017
322.5000,7.5000,-0.00140
322.5000,12.5000,-0.02116
322.5000,17.5000,-0.03517
322.5000,22.5000,-0.01220
322.5000,27.5000,0.00288
322.5000,32.5000,-0.00405
322.5000,37.5000,-0.00574
322.5000,42.5000,-0.00163
322.5000,47.5000,-0.00197
322.5000,52.5000,-0.00276
322.5000,57.5000,-0.00097
322.5000,62.5000,-0.00043
322.5000,67.5000,-0.00000
322.5000,72.5000,-0.00000
322.5000,77.5000,-0.00000
322.5000,82.5000,-0.00000
322.5000,87.5000,-0.00000
327.5000,-87.5000,-0.00000
327.5000,-82.5000,-0.00000
327.5000,-77.5000,-0.00000
327.5000,-72.5000,-0.00000
327.5000,-67.5000,-0.00000
327.5000,-62.5000,-0.00000
327.5000,-57.5000,0.00052
327.5000,-52.5000,0.00118
327.5000,-47.5000,0.00108
327.5000,-42.5000,-0.00072
327.5000,-37.5000,-0.00365
327.5000,-32.5000,-0.00404
327.5000,-27.5000,-0.00340
327.5000,-22.5000,-0.00332
327.5000,-17.5000,-0.00144
327.5000,-12.5000,-0.00000
327.5000,-7.5000,-0.00000
327.5000,-2.5000,-0.00000
327.5000,2.5000,-0.00050
327.5000,7.5000,0.00559
327.5000,12.5000,0.01030
327.5000,17.5000,0.00556
327.5000,22.5000,0.00641
327.5000,27.5000,0.00681
327.5000,32.5000,-0.00143
327.5000,37.5000,-0.00316
327.5000,42.5000,0.00263
327.5000,47.5000,0.00159
327.5000,52.5000,-0.00130
327.5000,57.5000,-0.00059
327.5000,62.5000,-0.00042
327.5000,67.5000,-0.00011
327.5000,72.5000,-0.00000
327.5000,77.5000,-0.00000
327.5000,82.5000,-0.00000
327.5000,87.5000,-0.00000
332.5000,-87.5000,-0.00000
332.5000,-82.5000,-0.00000
332.5000,-77.5000,-0.00000
332.5000,-72.5000,-0.00000
332.5000,-67.5000,-0.00000
332.5000,-62.5000,-0.00000
332.5000,-57.5000,-0.00000
332.5000,-52.5000,-0.00006
332.5000,-47.5000,-0.00052
332.5000,-42.5000,-0.00318
332.5000,-37.5000,-0.00543
332.5000,-32.5000,-0.00255
332.5000,-27.5000,0.00101
332.5000,-22.5000,0.00111
332.5000,-17.5000,0.00027
332.5000,-12.5000,-0.00000
332.5000,-7.5000,-0.00000
332.5000,-2.5000,-0.00000
332.5000,2.5000,-0.00029
332.5000,7.5000,0.00999
332.5000,12.5000,0.02483
332.5000,17.5000,0.02026
332.5000,22.5000,0.00822
332.5000,27.5000,0.00388
332.5000,32.5000,0.00203
332.5000,37.5000,0.00299
332.5000,42.5000,0.00660
332.5000,47.5000,0.00613
332.5000,52.5000,0.00161
332.5000,57.5000,-0.00043
332.5000,62.5000,-0.00020
332.5000,67.5000,0.00007
332.5000,72.5000,0.00010
332.5000,77.5000,-0.00000
332.5000,82.5000,-0.00000
332.5000,87.5000,-0.00000
337.5000,-87.5000,-0.00000
337.5000,-82.5000,-0.00000
337.5000,-77.5000,-0.00000
337.5000,-72.5000,-0.00000
337.5000,-67.5000,-0.00000
337.5000,-62.5000,-0.00000
337.5000,-57.5000,-0.00000
337.5000,-52.5000,-0.00002
337.5000,-47.5000,-0.00100
337.5000,-42.5000,-0.00341
337.5000,-37.5000,-0.00392
337.5000,-32.5000,-0.00053
337.5000,-27.5000,0.00206
337.5000,-22.5000,0.00124
337.5000,-17.5000,0.00068
337.5000,-12.5000,0.00125
337.5000,-7.5000,0.00086
337.5000,-2.5000,0.00016
337.5000,2.5000,0.00011
337.5000,7.5000,0.00637
337.5000,12.5000,0.01223
337.5000,17.5000,0.00607
337.5000,22.5000,0.00049
337.5000,27.5000,0.00060
337.5000,32.5000,0.00228
337.5000,37.5000,0.00453
337.5000,42.5000,0.00563
337.5000,47.5000,0.00567
337.5000,52.5000,0.00274
337.5000,57.5000,0.00097
337.5000,62.5000,0.00136
337.5000,67.5000,0.00081
337.5000,72.5000,0.00019
337.5000,77.5000,-0.00000
337.5000,82.5000,-0.00000
337.5000,87.5000,-0.00000
342.5000,-87.5000,-0.00000
342.5000,-82.5000,-0.00000
342.5000,-77.5000,-0.00000
342.5000,-72.5000,-0.00000
342.5000,-67.5000,-0.00000
342.5000,-62.5000,-0.00000
342.5000,-57.5000,-0.00000
342.5000,-52.5000,0.00001
342.5000,-47.5000,-0.00049
342.5000,-42.5000,-0.00146
342.5000,-37.5000,-0.00142
342.5000,-32.5000,-0.00018
342.5000,-27.5000,0.00055
342.5000,-22.5000,0.00027
342.5000,-17.5000,0.00109
342.5000,-12.5000,0.00250
342.5000,-7.5000,0.00172
342.5000,-2.5000,0.00031
342.5000,2.5000,0.00027
342.5000,7.5000,0.00241
342.5000,12.5000,0.00216
342.5000,17.5000,-0.00185
342.5000,22.5000,-0.00186
342.5000,27.5000,-0.00028
342.5000,32.5000,-0.00015
342.5000,37.5000,0.00075
342.5000,42.5000,0.00210
342.5000,47.5000,0.00322
342.5000,52.5000,0.00308
342.5000,57.5000,0.00326
342.5000,62.5000,0.00311
342.5000,67.5000,0.00127
342.5000,72.5000,0.00010
342.5000,77.5000,-0.00000
342.5000,82.5000,-0.00000
342.5000,87.5000,-0.00000
347.5000,-87.5000,-0.00000
347.5000,-82.5000,-0.00000
347.5000,-77.5000,-0.00000
347.5000,-72.5000,-0.00000
347.5000,-67.5000,-0.00000
347.5000,-62.5000,-0.00000
347.5000,-57.5000,0.00000
347.5000,-52.5000,0.00001
347.5000,-47.5000,0.00001
347.5000,-42.5000,-0.00007
347.5000,-37.5000,-0.00015
347.5000,-32.5000,-0.00008
347.5000,-27.5000,-0.00000
347.5000,-22.5000,-0.00000
347.5000,-17.5000,0.00055
347.5000,-12.5000,0.00125
347.5000,-7.5000,0.00086
347.5000,-2.5000,0.00016
347.5000,2.5000,0.00014
347.5000,7.5000,0.00050
347.5000,12.5000,-0.00008
347.5000,17.5000,-0.00112
347.5000,22.5000,-0.00068
347.5000,27.5000,-0.00000
347.5000,32.5000,-0.00114
347.5000,37.5000,-0.00181
347.5000,42.5000,0.00046
347.5000,47.5000,0.00243
347.5000,52.5000,0.00298
347.5000,57.5000,0.00384
347.5000,62.5000,0.00328
347.5000,67.5000,0.00112
347.5000,72.5000,-0.00000
347.5000,77.5000,-0.00000
347.5000,82.5000,-0.00000
347.5000,87.5000,-0.00000
352.5000,-87.5000,-0.00000
352.5000,-82.5000,-0.00000
352.5000,-77.5000,-0.00000
352.5000,-72.5000,-0.00000
352.5000,-67.5000,-0.00000
352.5000,-62.5000,-0.00000
352.5000,-57.5000,0.00000
352.5000,-52.5000,0.00001
352.5000,-47.5000,0.00001
352.5000,-42.5000,0.00000
352.5000,-37.5000,-0.00000
352.5000,-32.5000,-0.00000
352.5000,-27.5000,-0.00000
352.5000,-22.5000,-0.00000
352.5000,-17.5000,-0.00000
352.5000,-12.5000,-0.00000
352.5000,-7.5000,-0.00000
352.5000,-2.5000,-0.00000
352.5000,2.5000,-0.00000
352.5000,7.5000,-0.00000
352.5000,12.5000,-0.00000
352.5000,17.5000,-0.00000
352.5000,22.5000,-0.00000
352.5000,27.5000,-0.00000
352.5000,32.5000,-0.00063
352.5000,37.5000,-0.00103
352.5000,42.5000,0.00017
352.5000,47.5000,0.00156
352.5000,52.5000,0.00240
352.5000,57.5000,0.00323
352.5000,62.5000,0.00289
352.5000,67.5000,0.00107
352.5000,72.5000,-0.00000
352.5000,77.5000,-0.00000
352.5000,82.5000,-0.00000
352.5000,87.5000,-0.00000
357.5000,-87.5000,-0.00000
357.5000,-82.5000,-0.00000
357.5000,-77.5000,-0.00000
357.5000,-72.5000,-0.00000
357.5000,-67.5000,-0.00000
357.5000,-62.5000,-0.00000
357.5000,-57.5000,0.00000
357.5000,-52.5000,0.00000
357.5000,-47.5000,0.00000
357.5000,-42.5000,-0.00000
357.5000,-37.5000,-0.00000
357.5000,-32.5000,-0.00000
357.5000,-27.5000,-0.00000
357.5000,-22.5000,-0.00000
357.5000,-17.5000,-0.00000
357.5000,-12.5000,-0.00000
357.5000,-7.5000,-0.00000
357.5000,-2.5000,-0.00000
357.5000,2.5000,-0.00000
357.5000,7.5000,-0.00000
357.5000,12.5000,-0.00000
357.5000,17.5000,-0.00000
357.5000,22.5000,-0.00000
357.5000,27.5000,-0.00000
357.5000,32.5000,-0.00000
357.5000,37.5000,-0.00000
357.5000,42.5000,0.00003
357.5000,47.5000,0.00040
357.5000,52.5000,0.00111
357.5000,57.5000,0.00215
357.5000,62.5000,0.00237
357.5000,67.5000,0.00097
357.5000,72.5000,-0.00000
357.5000,77.5000,-0.00000
357.5000,82.5000,-0.00000
357.5000,87.5000,-0.00000
